id,personnelCode,fullName,dateOfBirth,gender,placeOfOrigin,birthPlace,ethnicity,religion,category,managingOrgan,managingOrganAssignedBy,managingOrganAssignedAt,managingOrganReason,unitId,status,militaryIdNumber,militaryRank,position,enlistmentDate,dischargeDate,studentIdNumber,employeeIdNumber,educationLevel,specialization,version,deletedAt,deletedBy,createdAt,updatedAt
cmlul7xct00vht7xry73a0697,CB00001,Cao Văn Cương,2000-10-07 11:43:40.199,MALE,,,,,CONG_NHAN_VIEN,,,,,cmjjumzap0001tsi2duq5956e,DANG_CONG_TAC,QN00000001,Thiếu tá,Trợ lý,2011-10-24 00:46:54.394,,,,,,1,,,2026-02-20 07:47:46.205,2026-02-20 07:47:46.205
cmlul7xd600vjt7xrq1gjqfry,CB00002,Đỗ Đình Chiến,1962-11-29 17:34:56.306,MALE,,,,,CONG_NHAN_VIEN,,,,,cmjjumzap0001tsi2duq5956e,DANG_CONG_TAC,QN00000002,Trung tá,Trợ lý,2005-03-15 18:56:25.98,,,,,,1,,,2026-02-20 07:47:46.218,2026-02-20 07:47:46.218
cmlul7xda00vlt7xrp9fdc5z0,CB00003,Nguyễn Trần Tiến,1977-07-16 19:02:42.799,MALE,,,,,CONG_NHAN_VIEN,,,,,cmjjumzap0001tsi2duq5956e,DANG_CONG_TAC,QN00000003,Đại úy,Trợ lý,2006-02-04 11:01:38.761,,,,,,1,,,2026-02-20 07:47:46.222,2026-02-20 07:47:46.222
cmlul7xde00vnt7xrifmq44jl,CB00004,Đoàn Nam Giang,1978-09-27 01:28:13.998,FEMALE,,,,,CONG_NHAN_VIEN,,,,,cmjjumzap0001tsi2duq5956e,DANG_CONG_TAC,QN00000004,Đại úy,Trợ lý,2012-03-24 10:53:12.734,,,,,,1,,,2026-02-20 07:47:46.226,2026-02-20 07:47:46.226
cmlul7xdi00vpt7xrf4efheap,CB00005,Dương Văn Minh,1966-01-03 01:11:37.772,MALE,,,,,CONG_NHAN_VIEN,,,,,cmjjumzap0001tsi2duq5956e,DANG_CONG_TAC,QN00000005,Thiếu tá,Trợ lý,1997-06-11 21:45:11.763,,,,,,1,,,2026-02-20 07:47:46.23,2026-02-20 07:47:46.23
cmlul7xdm00vrt7xr458i9r6z,CB00006,Trần Văn Đức,1989-07-20 03:58:05.631,MALE,,,,,CONG_NHAN_VIEN,,,,,cmjjumzap0001tsi2duq5956e,DANG_CONG_TAC,QN00000006,Đại úy,Trợ lý,1996-09-29 03:12:42.085,,,,,,1,,,2026-02-20 07:47:46.234,2026-02-20 07:47:46.234
cmlul7xdq00vtt7xrzg14jcwd,CB00007,Hà Phương Trung,1978-01-10 21:15:47.233,MALE,,,,,CONG_NHAN_VIEN,,,,,cmjjumzap0001tsi2duq5956e,DANG_CONG_TAC,QN00000007,Trung tá QNCN,Trợ lý,2008-10-26 16:12:07.335,,,,,,1,,,2026-02-20 07:47:46.238,2026-02-20 07:47:46.238
cmlul7xdt00vvt7xr3lmfs3i8,CB00008,Nguyễn Chiến Thắng,1990-02-12 01:50:08.806,MALE,,,,,CONG_NHAN_VIEN,,,,,cmjjumzap0001tsi2duq5956e,DANG_CONG_TAC,QN00000008,Thiếu tá,Trợ lý,2008-11-14 03:52:58.783,,,,,,1,,,2026-02-20 07:47:46.242,2026-02-20 07:47:46.242
cmlul7xdx00vxt7xrgxv88l20,CB00009,Nguyễn Văn Hưng,1991-05-19 05:48:55.856,FEMALE,,,,,CONG_NHAN_VIEN,,,,,cmjjumzap0001tsi2duq5956e,DANG_CONG_TAC,QN00000009,Trung tá,Trợ lý,2007-09-20 08:51:06.676,,,,,,1,,,2026-02-20 07:47:46.246,2026-02-20 07:47:46.246
cmlul7xe100vzt7xrvuqbhpar,CB00010,Vũ Đức Thắng,2000-05-10 18:59:37.949,MALE,,,,,CONG_NHAN_VIEN,,,,,cmjjumzap0001tsi2duq5956e,DANG_CONG_TAC,QN00000010,Thiếu tá,Trợ lý,2003-02-17 08:54:20.691,,,,,,1,,,2026-02-20 07:47:46.249,2026-02-20 07:47:46.249
cmlul7xe500w1t7xrhtb24sab,CB00011,Đỗ Quang Cơ,1999-07-27 01:45:48.497,MALE,,,,,CONG_NHAN_VIEN,,,,,cmjjumzap0001tsi2duq5956e,DANG_CONG_TAC,QN00000011,Thiếu tá,Trợ lý,2000-12-16 20:16:12.023,,,,,,1,,,2026-02-20 07:47:46.253,2026-02-20 07:47:46.253
cmlul7xe800w3t7xrssqetew0,CB00012,Đoàn Nam Hà,1990-01-04 16:41:22.58,MALE,,,,,CONG_NHAN_VIEN,,,,,cmjjumzap0001tsi2duq5956e,DANG_CONG_TAC,QN00000012,Thiếu tá,Trợ lý,2003-08-08 19:36:48.521,,,,,,1,,,2026-02-20 07:47:46.256,2026-02-20 07:47:46.256
cmlul7xec00w5t7xrb9irhn32,CB00013,Chu Văn Phùng,1983-10-14 21:34:08.15,FEMALE,,,,,CONG_NHAN_VIEN,,,,,cmjjumzap0001tsi2duq5956e,DANG_CONG_TAC,QN00000013,Thiếu tá,Trợ lý,1998-05-16 20:20:12.896,,,,,,1,,,2026-02-20 07:47:46.26,2026-02-20 07:47:46.26
cmlul7xeg00w7t7xr55gzfg56,CB00014,Nguyễn Công Phúc,1973-11-16 12:50:49.524,MALE,,,,,CONG_NHAN_VIEN,,,,,cmjjumzap0001tsi2duq5956e,DANG_CONG_TAC,QN00000014,Đại úy,Trợ lý,1998-08-14 14:54:18.157,,,,,,1,,,2026-02-20 07:47:46.264,2026-02-20 07:47:46.264
cmlul7xej00w9t7xrzidrbor5,CB00015,Lê Minh Tưởng,1969-11-26 13:07:30.057,MALE,,,,,CONG_NHAN_VIEN,,,,,cmjjumzap0001tsi2duq5956e,DANG_CONG_TAC,QN00000015,Đại úy,Trợ lý,2007-03-07 07:19:30.858,,,,,,1,,,2026-02-20 07:47:46.268,2026-02-20 07:47:46.268
cmlul7xen00wbt7xryk7kpyeh,CB00016,Phạm Đình Văn,1991-12-11 12:31:55.811,MALE,,,,,CONG_NHAN_VIEN,,,,,cmjjumzap0001tsi2duq5956e,DANG_CONG_TAC,QN00000016,Thượng úy,Trợ lý,1999-07-17 01:26:18.053,,,,,,1,,,2026-02-20 07:47:46.271,2026-02-20 07:47:46.271
cmlul7xer00wdt7xrty2q4pce,CB00017,Phạm Anh Dũng,1977-09-26 21:45:09.424,MALE,,,,,CONG_NHAN_VIEN,,,,,cmjjumzap0001tsi2duq5956e,DANG_CONG_TAC,QN00000017,Trung úy,Trợ lý,2015-06-20 06:29:38.941,,,,,,1,,,2026-02-20 07:47:46.275,2026-02-20 07:47:46.275
cmlul7xeu00wft7xr24d8y48k,CB00018,Trần Ngọc Quỳnh,1976-12-09 05:23:18.902,MALE,,,,,CONG_NHAN_VIEN,,,,,cmjjumzap0001tsi2duq5956e,DANG_CONG_TAC,QN00000018,Thiếu tá,Trợ lý,2014-02-25 12:10:33.714,,,,,,1,,,2026-02-20 07:47:46.279,2026-02-20 07:47:46.279
cmlul7xey00wht7xrkwrnvins,CB00019,Đỗ Việt Tân,1963-07-27 19:02:09.994,MALE,,,,,CONG_NHAN_VIEN,,,,,cmjjumzap0001tsi2duq5956e,DANG_CONG_TAC,QN00000019,Thiếu tá,Trợ lý,1995-02-19 00:02:02.772,,,,,,1,,,2026-02-20 07:47:46.283,2026-02-20 07:47:46.283
cmlul7xf200wjt7xr6n43abfw,CB00020,Lê Văn Chung,1997-04-02 10:27:19.463,MALE,,,,,CONG_NHAN_VIEN,,,,,cmjjumzap0001tsi2duq5956e,DANG_CONG_TAC,QN00000020,Thượng úy,Trợ lý,2005-09-20 11:35:18.783,,,,,,1,,,2026-02-20 07:47:46.286,2026-02-20 07:47:46.286
cmlul7xf600wlt7xrk61bqhgy,CB00021,Nguyễn Thanh Long,1983-06-14 06:46:27.478,FEMALE,,,,,CONG_NHAN_VIEN,,,,,cmjjumzap0001tsi2duq5956e,DANG_CONG_TAC,QN00000021,Thượng úy,Trợ lý,2005-08-06 11:31:11.57,,,,,,1,,,2026-02-20 07:47:46.29,2026-02-20 07:47:46.29
cmlul7xf900wnt7xrlek4xigh,CB00022,Nguyễn Thành Trung,1978-06-01 02:04:58.491,MALE,,,,,CONG_NHAN_VIEN,,,,,cmjjumzbd000ftsi2f0xdpnnd,DANG_CONG_TAC,QN00000022,Đại tá,Chánh Văn phòng,2003-12-19 01:34:38.835,,,,,,1,,,2026-02-20 07:47:46.294,2026-02-20 07:47:46.294
cmlul7xfd00wpt7xroukef6ge,CB00023,Nguyễn Xuân Trường,1972-04-23 05:19:53.114,MALE,,,,,CONG_NHAN_VIEN,,,,,cmjjumzap0001tsi2duq5956e,DANG_CONG_TAC,QN00000023,Đại tá,P. Chánh Văn phòng,2009-01-11 12:10:34.281,,,,,,1,,,2026-02-20 07:47:46.297,2026-02-20 07:47:46.297
cmlul7xfg00wrt7xr7suspkpi,CB00024,Phan Kim Toàn,1995-12-26 11:43:33.4,MALE,,,,,CONG_NHAN_VIEN,,,,,cmjjumzap0001tsi2duq5956e,DANG_CONG_TAC,QN00000024,Đại tá,P. Chánh Văn phòng,2006-03-11 14:34:09.123,,,,,,1,,,2026-02-20 07:47:46.301,2026-02-20 07:47:46.301
cmlul7xfk00wtt7xr60644adj,CB00025,Bùi Văn Tiến,1963-03-01 11:49:23.445,MALE,,,,,CONG_NHAN_VIEN,,,,,cmjjumzap0001tsi2duq5956e,DANG_CONG_TAC,QN00000025,Đại tá,P. Chánh Văn phòng,2014-12-16 08:42:27.112,,,,,,1,,,2026-02-20 07:47:46.304,2026-02-20 07:47:46.304
cmlul7xfn00wvt7xrukvc03da,CB00026,Nguyễn Anh Đức,1986-11-02 22:05:12.243,MALE,,,,,CAN_BO_CHI_HUY,,,,,cmjjumzap0001tsi2duq5956e,DANG_CONG_TAC,QN00000026,Đại tá,Trưởng ban,2006-08-02 20:38:43.96,,,,,,1,,,2026-02-20 07:47:46.308,2026-02-20 07:47:46.308
cmlul7xfr00wxt7xrg485iwly,CB00027,Đỗ Mạnh Hùng,1975-06-04 09:33:24.974,FEMALE,,,,,CAN_BO_CHI_HUY,,,,,cmjjumzap0001tsi2duq5956e,DANG_CONG_TAC,QN00000027,Thượng tá,Trưởng ban,2001-11-13 05:25:24.078,,,,,,1,,,2026-02-20 07:47:46.312,2026-02-20 07:47:46.312
cmlul7xfv00wzt7xrwiv323jl,CB00028,Phạm Văn Dũng,1979-12-11 03:34:53.567,FEMALE,,,,,CAN_BO_CHI_HUY,,,,,cmjjumzap0001tsi2duq5956e,DANG_CONG_TAC,QN00000028,Thượng tá,Trưởng ban,2002-07-14 16:20:03.24,,,,,,1,,,2026-02-20 07:47:46.315,2026-02-20 07:47:46.315
cmlul7xfy00x1t7xrrc24vhdl,CB00029,Nguyễn Đình Dũng,1990-11-01 06:54:53.082,FEMALE,,,,,CAN_BO_CHI_HUY,,,,,cmjjumzap0001tsi2duq5956e,DANG_CONG_TAC,QN00000029,Thượng tá,Trưởng ban,2011-05-30 22:30:28.695,,,,,,1,,,2026-02-20 07:47:46.319,2026-02-20 07:47:46.319
cmlul7xg200x3t7xr98zis2nz,CB00030,Bùi Thanh Tuấn,1962-05-21 20:21:40.633,MALE,,,,,CAN_BO_CHI_HUY,,,,,cmjjumzap0001tsi2duq5956e,DANG_CONG_TAC,QN00000030,Trung tá,P.Trưởng ban,2002-03-26 17:22:56.505,,,,,,1,,,2026-02-20 07:47:46.322,2026-02-20 07:47:46.322
cmlul7xg600x5t7xrhdkml2nn,CB00031,Nguyễn Đức Thuận,1988-02-04 04:47:10.059,MALE,,,,,CAN_BO_CHI_HUY,,,,,cmjjumzbt000xtsi2llo506lv,DANG_CONG_TAC,QN00000031,Trung tá CN,Trưởng ban,2006-04-07 20:28:03.875,,,,,,1,,,2026-02-20 07:47:46.326,2026-02-20 07:47:46.326
cmlul7xg900x7t7xr06bgbxiw,CB00032,Quách Ngọc Thụy,2000-08-10 04:14:28.141,MALE,,,,,CAN_BO_CHI_HUY,,,,,cmjjumzap0001tsi2duq5956e,DANG_CONG_TAC,QN00000032,Thượng tá,Trưởng ban,2004-07-28 02:01:51.692,,,,,,1,,,2026-02-20 07:47:46.33,2026-02-20 07:47:46.33
cmlul7xgd00x9t7xrxmpx9vgl,CB00033,Đào Văn Tùng,1984-01-16 02:06:43.926,MALE,,,,,CONG_NHAN_VIEN,,,,,cmjjumzap0001tsi2duq5956e,DANG_CONG_TAC,QN00000033,Trung tá,Trợ lý,2010-08-28 10:51:49.622,,,,,,1,,,2026-02-20 07:47:46.333,2026-02-20 07:47:46.333
cmlul7xgh00xbt7xrtcl0vixu,CB00034,Vũ Văn Tùng,1966-11-23 20:11:56.833,MALE,,,,,CAN_BO_CHI_HUY,,,,,cmjjumzap0001tsi2duq5956e,DANG_CONG_TAC,QN00000034,Đại tá,Trưởng phòng,2005-02-19 23:45:50.474,,,,,,1,,,2026-02-20 07:47:46.337,2026-02-20 07:47:46.337
cmlul7xgk00xdt7xrgiubn88j,CB00035,Hoàng Đại Nam,1974-03-07 14:37:36.351,FEMALE,,,,,CAN_BO_CHI_HUY,,,,,cmjjumzap0001tsi2duq5956e,DANG_CONG_TAC,QN00000035,Đại tá,P. Trưởng phòng,2011-07-11 00:57:11.026,,,,,,1,,,2026-02-20 07:47:46.341,2026-02-20 07:47:46.341
cmlul7xgo00xft7xrurxq0fuv,CB00036,Nguyễn Thanh Sơn,1974-04-05 02:23:15.918,MALE,,,,,CONG_NHAN_VIEN,,,,,cmjjumzap0001tsi2duq5956e,DANG_CONG_TAC,QN00000036,Thiếu tá,Trợ lý QL cao học,2012-11-20 18:02:42.318,,,,,,1,,,2026-02-20 07:47:46.345,2026-02-20 07:47:46.345
cmlul7xgs00xht7xrb4oeoj5a,CB00037,Lê Viết Long,1990-07-28 19:59:45.704,MALE,,,,,CAN_BO_CHI_HUY,,,,,cmjjumzap0001tsi2duq5956e,DANG_CONG_TAC,QN00000037,Trung tá,Trưởng ban,2012-06-23 02:27:27.46,,,,,,1,,,2026-02-20 07:47:46.348,2026-02-20 07:47:46.348
cmlul7xgw00xjt7xrx3zeqa87,CB00038,Lê Văn Khải,1982-06-06 22:26:12.862,MALE,,,,,CONG_NHAN_VIEN,,,,,cmjjumzap0001tsi2duq5956e,DANG_CONG_TAC,QN00000038,Đại úy,Trợ lý,2007-01-28 08:53:15.44,,,,,,1,,,2026-02-20 07:47:46.352,2026-02-20 07:47:46.352
cmlul7xh000xlt7xrysrztok5,CB00039,Nguyễn Phan Anh Vũ,1976-04-19 19:57:54.198,MALE,,,,,CONG_NHAN_VIEN,,,,,cmjjumzap0001tsi2duq5956e,DANG_CONG_TAC,QN00000039,Thượng úy,Trợ lý,1997-01-29 07:06:09.624,,,,,,1,,,2026-02-20 07:47:46.356,2026-02-20 07:47:46.356
cmlul7xh400xnt7xr44367e39,CB00040,Nguyễn Thị Mai Dương,1977-10-17 13:30:38.646,MALE,,,,,CONG_NHAN_VIEN,,,,,cmjjumzap0001tsi2duq5956e,DANG_CONG_TAC,QN00000040,Thượng úy,Trợ lý,2008-04-11 23:55:48.771,,,,,,1,,,2026-02-20 07:47:46.36,2026-02-20 07:47:46.36
cmlul7xh700xpt7xrfwko49i9,CB00041,Hoàng Thị Thanh Hương,1984-05-22 16:21:56.66,FEMALE,,,,,CONG_NHAN_VIEN,,,,,cmjjumzap0001tsi2duq5956e,DANG_CONG_TAC,QN00000041,Thượng úy,Trợ lý,2013-07-03 09:05:44.557,,,,,,1,,,2026-02-20 07:47:46.364,2026-02-20 07:47:46.364
cmlul7xhb00xrt7xro3v1lqsf,CB00042,Phạm Hoàng Hà,1995-11-29 15:53:26.849,MALE,,,,,CONG_NHAN_VIEN,,,,,cmjjumzap0001tsi2duq5956e,DANG_CONG_TAC,QN00000042,Trung úy,Trợ lý,2014-08-21 20:58:28.161,,,,,,1,,,2026-02-20 07:47:46.367,2026-02-20 07:47:46.367
cmlul7xhf00xtt7xr9hvxy6az,CB00043,Phạm Thu Trang,1960-05-15 13:10:46.861,MALE,,,,,CONG_NHAN_VIEN,,,,,cmjjumzap0001tsi2duq5956e,DANG_CONG_TAC,QN00000043,Thượng tá CN,Trợ lý,2015-01-20 11:40:32.088,,,,,,1,,,2026-02-20 07:47:46.371,2026-02-20 07:47:46.371
cmlul7xhi00xvt7xrhrz0dgmd,CB00044,Hoàng Thế Hưng,1982-09-23 18:03:13.701,MALE,,,,,CONG_NHAN_VIEN,,,,,cmjjumzby0011tsi2emx6euo5,DANG_CONG_TAC,QN00000044,Đại tá,Viện trưởng,2012-09-18 07:10:32.321,,,,,,1,,,2026-02-20 07:47:46.374,2026-02-20 07:47:46.374
cmlul7xhm00xxt7xrhrezvf8q,CB00045,Nguyễn Thế Vui,1996-12-29 04:49:10.895,MALE,,,,,CONG_NHAN_VIEN,,,,,cmjjumzap0001tsi2duq5956e,DANG_CONG_TAC,QN00000045,Đại tá,P. Viện trưởng,2007-12-02 01:38:39.71,,,,,,1,,,2026-02-20 07:47:46.378,2026-02-20 07:47:46.378
cmlul7xhp00xzt7xrgau5nq09,CB00046,Bùi Hướng Tâm,1961-04-09 04:54:25.343,MALE,,,,,CAN_BO_CHI_HUY,,,,,cmjjumzap0001tsi2duq5956e,DANG_CONG_TAC,QN00000046,Thượng tá,Trưởng ban,1999-01-19 03:15:18.336,,,,,,1,,,2026-02-20 07:47:46.382,2026-02-20 07:47:46.382
cmlul7xht00y1t7xr7ew9453n,CB00047,Bùi Thị Thanh,1997-06-30 18:58:44.136,MALE,,,,,CAN_BO_CHI_HUY,,,,,cmjjumzap0001tsi2duq5956e,DANG_CONG_TAC,QN00000047,Trung tá,Trưởng ban,1999-10-24 17:24:17.236,,,,,,1,,,2026-02-20 07:47:46.385,2026-02-20 07:47:46.385
cmlul7xhx00y3t7xr240n379u,CB00048,Nguyễn Đức Tú,1998-03-20 18:55:08.848,FEMALE,,,,,CAN_BO_CHI_HUY,,,,,cmjjumzap0001tsi2duq5956e,DANG_CONG_TAC,QN00000048,Trung tá,Trưởng ban,2015-01-27 07:54:53.23,,,,,,1,,,2026-02-20 07:47:46.389,2026-02-20 07:47:46.389
cmlul7xi000y5t7xrk4o4yr6h,CB00049,Nguyễn Quốc Hoài,1972-07-30 04:05:47.922,FEMALE,,,,,CONG_NHAN_VIEN,,,,,cmjjumzap0001tsi2duq5956e,DANG_CONG_TAC,QN00000049,Đại tá,"PhóTBT, Phụ trách TBT",2004-05-21 18:09:15.646,,,,,,1,,,2026-02-20 07:47:46.393,2026-02-20 07:47:46.393
cmlul7xi400y7t7xrhcla2lq7,CB00050,Đinh Văn Đông,1983-08-13 12:45:44.117,FEMALE,,,,,CAN_BO_CHI_HUY,,,,,cmjjumzap0001tsi2duq5956e,DANG_CONG_TAC,QN00000050,Thượng tá,Trưởng ban,2001-01-31 07:08:03.344,,,,,,1,,,2026-02-20 07:47:46.397,2026-02-20 07:47:46.397
cmlul7xi800y9t7xrgbxbon3a,CB00051,Hà Trung Sơn,1987-09-03 15:11:44.74,MALE,,,,,CAN_BO_CHI_HUY,,,,,cmjjumzap0001tsi2duq5956e,DANG_CONG_TAC,QN00000051,Đại tá,P. Trưởng ban,1996-04-20 20:45:37.467,,,,,,1,,,2026-02-20 07:47:46.4,2026-02-20 07:47:46.4
cmlul7xic00ybt7xr1g7adcao,CB00052,Vũ Quốc Huy,1972-10-01 15:22:27.192,FEMALE,,,,,CAN_BO_CHI_HUY,,,,,cmjjumzbf000htsi2ysxlz1mm,DANG_CONG_TAC,QN00000052,Đại tá,PT. Chủ nhiệm khoa,2001-11-21 16:01:39.31,,,,,,1,,,2026-02-20 07:47:46.404,2026-02-20 07:47:46.404
cmlul7xif00ydt7xr4n21nsvf,CB00053,Vũ Văn Bân,1964-07-02 23:41:43.44,MALE,,,,,CAN_BO_CHI_HUY,,,,,cmjjumzap0001tsi2duq5956e,DANG_CONG_TAC,QN00000053,Đại tá,P. Chủ nhiệm khoa,2006-07-02 09:28:23.535,,,,,,1,,,2026-02-20 07:47:46.408,2026-02-20 07:47:46.408
cmlul7xij00yft7xr1npcxnh7,CB00054,Lưu Đức Nhật,1964-05-17 13:31:13.031,MALE,,,,,CAN_BO_CHI_HUY,,,,,cmjjumzap0001tsi2duq5956e,DANG_CONG_TAC,QN00000054,Đại tá,Q.Chủ nhiệm bộ môn,2004-07-05 06:54:15.962,,,,,,1,,,2026-02-20 07:47:46.411,2026-02-20 07:47:46.411
cmlul7xin00yht7xrs8v2r11q,CB00055,Phạm Văn Nhẫn,1980-11-08 07:55:17.738,MALE,,,,,CAN_BO_CHI_HUY,,,,,cmjjumzap0001tsi2duq5956e,DANG_CONG_TAC,QN00000055,Trung tá,Q.Chủ nhiệm bộ môn,2014-02-27 05:30:10.378,,,,,,1,,,2026-02-20 07:47:46.415,2026-02-20 07:47:46.415
cmlul7xir00yjt7xr9th9l3x8,CB00056,Hà Thanh Nam,1968-02-22 07:10:39.792,MALE,,,,,CAN_BO_CHI_HUY,,,,,cmjjumzap0001tsi2duq5956e,DANG_CONG_TAC,QN00000056,Đại tá,Chủ nhiệm bộ môn,2015-09-20 23:16:57.22,,,,,,1,,,2026-02-20 07:47:46.419,2026-02-20 07:47:46.419
cmlul7xiu00ylt7xrhkp2aqa4,CB00057,Hoàng Kim Hiệu,1981-05-19 01:52:03.697,MALE,,,,,CAN_BO_CHI_HUY,,,,,cmjjumzap0001tsi2duq5956e,DANG_CONG_TAC,QN00000057,Thượng tá,Chủ nhiệm bộ môn,2006-09-28 03:22:59.595,,,,,,1,,,2026-02-20 07:47:46.423,2026-02-20 07:47:46.423
cmlul7xiy00ynt7xrql1ftys4,CB00058,Nguyễn Ngọc Dương,1961-01-16 22:57:14.27,MALE,,,,,CAN_BO_CHI_HUY,,,,,cmjjumzap0001tsi2duq5956e,DANG_CONG_TAC,QN00000058,Thượng tá,P. Chủ nhiệm bộ môn,1995-09-26 09:45:07.476,,,,,,1,,,2026-02-20 07:47:46.426,2026-02-20 07:47:46.426
cmlul7xj200ypt7xrysyu7mr7,CB00059,Nguyễn Công Phúc,1974-05-13 10:16:48.612,FEMALE,,,,,CAN_BO_CHI_HUY,,,,,cmjjumzbh000jtsi21iap2kce,DANG_CONG_TAC,QN00000059,Đại tá,Chủ nhiệm khoa,2008-07-04 10:59:22.015,,,,,,1,,,2026-02-20 07:47:46.43,2026-02-20 07:47:46.43
cmlul7xj500yrt7xrld6rnydc,CB00060,Nguyễn Thế Phương,1963-10-29 16:01:57.765,MALE,,,,,CAN_BO_CHI_HUY,,,,,cmjjumzap0001tsi2duq5956e,DANG_CONG_TAC,QN00000060,Đại tá,P. Chủ nhiệm khoa,2008-01-21 17:02:41.514,,,,,,1,,,2026-02-20 07:47:46.434,2026-02-20 07:47:46.434
cmlul7xj900ytt7xrgcdtojur,CB00061,Đỗ Thanh Hải,2000-10-24 13:25:57.572,MALE,,,,,CAN_BO_CHI_HUY,,,,,cmjjumzap0001tsi2duq5956e,DANG_CONG_TAC,QN00000061,Thượng tá,Chủ nhiệm bộ môn,2001-03-15 02:09:55.067,,,,,,1,,,2026-02-20 07:47:46.437,2026-02-20 07:47:46.437
cmlul7xjc00yvt7xrtmmuc6sv,CB00062,Phí Thị Thanh Mai,1979-05-17 11:42:47.66,FEMALE,,,,,CAN_BO_CHI_HUY,,,,,cmjjumzap0001tsi2duq5956e,DANG_CONG_TAC,QN00000062,Trung tá,Chủ nhiệm bộ môn,2012-06-28 21:13:21.736,,,,,,1,,,2026-02-20 07:47:46.441,2026-02-20 07:47:46.441
cmlul7xjg00yxt7xr0mchq3vg,CB00063,Phạm Hồng Sơn,1970-09-22 00:57:26.108,MALE,,,,,CAN_BO_CHI_HUY,,,,,cmjjumzap0001tsi2duq5956e,DANG_CONG_TAC,QN00000063,Đại tá,Chủ nhiệm bộ môn,2008-09-08 20:55:05.081,,,,,,1,,,2026-02-20 07:47:46.444,2026-02-20 07:47:46.444
cmlul7xjk00yzt7xr52d476u7,CB00064,Lưu Quang Toản,1971-04-28 05:47:26.299,MALE,,,,,CAN_BO_CHI_HUY,,,,,cmjjumzap0001tsi2duq5956e,DANG_CONG_TAC,QN00000064,Đại tá,P. Chủ nhiệm bộ môn,2012-04-17 09:37:24.248,,,,,,1,,,2026-02-20 07:47:46.448,2026-02-20 07:47:46.448
cmlul7xjn00z1t7xr8skgb3jj,CB00065,Vũ Thị Thu Hằng,1974-05-01 10:02:51.284,MALE,,,,,CAN_BO_CHI_HUY,,,,,cmjjumzap0001tsi2duq5956e,DANG_CONG_TAC,QN00000065,Thiếu tá,P. Chủ nhiệm bộ môn,2015-11-28 00:32:02.031,,,,,,1,,,2026-02-20 07:47:46.451,2026-02-20 07:47:46.451
cmlul7xjr00z3t7xr1q0cv4xx,CB00066,Phạm Văn Hưng,1971-03-29 12:53:26.441,FEMALE,,,,,CAN_BO_CHI_HUY,,,,,cmjjumzap0001tsi2duq5956e,DANG_CONG_TAC,QN00000066,Trung tá,P.Chủ nhiệm bộ môn,2007-09-25 13:45:17.562,,,,,,1,,,2026-02-20 07:47:46.455,2026-02-20 07:47:46.455
cmlul7xju00z5t7xry3rrn0u4,CB00067,Trần Thanh Nam,1994-09-23 09:34:12.664,FEMALE,,,,,CAN_BO_CHI_HUY,,,,,cmjjumzbj000ltsi216getk3s,DANG_CONG_TAC,QN00000067,Đại tá,Chủ nhiệm khoa,2010-11-09 02:30:12.77,,,,,,1,,,2026-02-20 07:47:46.459,2026-02-20 07:47:46.459
cmlul7xjy00z7t7xrrgvyx4b1,CB00068,Nhữ Công Khải,1987-11-05 07:17:47.306,FEMALE,,,,,CAN_BO_CHI_HUY,,,,,cmjjumzap0001tsi2duq5956e,DANG_CONG_TAC,QN00000068,Thượng tá,P. Chủ nhiệm khoa,1998-10-22 03:04:31.13,,,,,,1,,,2026-02-20 07:47:46.463,2026-02-20 07:47:46.463
cmlul7xk200z9t7xrdmbrzcp0,CB00069,Vũ Quang Huy,1981-04-05 14:42:38.559,MALE,,,,,CAN_BO_CHI_HUY,,,,,cmjjumzap0001tsi2duq5956e,DANG_CONG_TAC,QN00000069,Đại tá,Q. Chủ nhiệm bộ môn,2002-04-07 10:49:19.031,,,,,,1,,,2026-02-20 07:47:46.467,2026-02-20 07:47:46.467
cmlul7xk600zbt7xrfqnxq966,CB00070,Nguyễn Huy Thụ,1983-01-24 11:38:25.847,MALE,,,,,CAN_BO_CHI_HUY,,,,,cmjjumzap0001tsi2duq5956e,DANG_CONG_TAC,QN00000070,Thượng tá,Chủ nhiệm bộ môn,2008-11-20 08:11:22.094,,,,,,1,,,2026-02-20 07:47:46.47,2026-02-20 07:47:46.47
cmlul7xk900zdt7xrpjd8zj2x,CB00071,Đỗ Thanh Tùng,1985-08-09 09:34:04.974,MALE,,,,,CAN_BO_CHI_HUY,,,,,cmjjumzap0001tsi2duq5956e,DANG_CONG_TAC,QN00000071,Thượng tá,Chủ nhiệm bộ môn,2005-08-01 06:01:43.252,,,,,,1,,,2026-02-20 07:47:46.474,2026-02-20 07:47:46.474
cmlul7xke00zft7xrzhqfvf2e,CB00072,Trần Văn Thuyết,1993-05-06 10:16:29.619,MALE,,,,,CAN_BO_CHI_HUY,,,,,cmjjumzap0001tsi2duq5956e,DANG_CONG_TAC,QN00000072,Thượng tá,P.Chủ nhiệm Bộ môn,1997-06-16 15:17:37.757,,,,,,1,,,2026-02-20 07:47:46.478,2026-02-20 07:47:46.478
cmlul7xkh00zht7xrig0iyrs7,CB00073,Vũ Ngọc Điệp,1977-06-12 17:50:35.151,MALE,,,,,CAN_BO_CHI_HUY,,,,,cmjjumzbl000ntsi2wns1kriu,DANG_CONG_TAC,QN00000073,Đại tá,Chủ nhiệm khoa,2004-08-27 17:40:19.874,,,,,,1,,,2026-02-20 07:47:46.481,2026-02-20 07:47:46.481
cmlul7xkl00zjt7xrvk40e7xp,CB00074,Nguyễn Anh Dũng,1980-02-01 20:31:46.512,MALE,,,,,CAN_BO_CHI_HUY,,,,,cmjjumzap0001tsi2duq5956e,DANG_CONG_TAC,QN00000074,Đại tá,P.Chủ nhiệm Khoa,2012-01-12 22:42:30.244,,,,,,1,,,2026-02-20 07:47:46.485,2026-02-20 07:47:46.485
cmlul7xkp00zlt7xrimswu03z,CB00075,Vũ Văn Thống,1993-03-31 14:49:38.27,MALE,,,,,CAN_BO_CHI_HUY,,,,,cmjjumzap0001tsi2duq5956e,DANG_CONG_TAC,QN00000075,Đại tá,Q.Chủ nhiệm bộ môn,2007-11-02 09:37:03.921,,,,,,1,,,2026-02-20 07:47:46.489,2026-02-20 07:47:46.489
cmlul7xks00znt7xr699fravj,CB00076,Trần Văn Linh,1981-06-28 09:16:13.547,MALE,,,,,CAN_BO_CHI_HUY,,,,,cmjjumzap0001tsi2duq5956e,DANG_CONG_TAC,QN00000076,Trung tá,PT. Chủ nhiệm bộ môn,2010-09-25 16:55:30.956,,,,,,1,,,2026-02-20 07:47:46.493,2026-02-20 07:47:46.493
cmlul7xkw00zpt7xry2f9mu49,CB00077,Lê Ngọc Anh,1962-10-19 23:03:49.061,MALE,,,,,CAN_BO_CHI_HUY,,,,,cmjjumzap0001tsi2duq5956e,DANG_CONG_TAC,QN00000077,Trung tá,PT. Chủ nhiệm bộ môn,2007-01-26 07:54:54.998,,,,,,1,,,2026-02-20 07:47:46.496,2026-02-20 07:47:46.496
cmlul7xl000zrt7xrhn7afedq,CB00078,Vũ Thanh Hải,1972-01-05 01:23:22.792,MALE,,,,,CAN_BO_CHI_HUY,,,,,cmjjumzap0001tsi2duq5956e,DANG_CONG_TAC,QN00000078,Thượng tá,PT. Chủ nhiệm bộ môn,2002-04-17 20:46:21.527,,,,,,1,,,2026-02-20 07:47:46.5,2026-02-20 07:47:46.5
cmlul7xl300ztt7xrpkjuc53w,CB00079,Vũ Ninh,1978-04-04 07:31:11.874,FEMALE,,,,,CAN_BO_CHI_HUY,,,,,cmjjumzap0001tsi2duq5956e,DANG_CONG_TAC,QN00000079,Trung tá,P. Chủ nhiệm bộ môn,2008-05-06 21:42:07.133,,,,,,1,,,2026-02-20 07:47:46.504,2026-02-20 07:47:46.504
cmlul7xl700zvt7xr46iq6wkl,CB00080,Lê Xuân Đàm,1993-04-13 11:14:20.74,MALE,,,,,CAN_BO_CHI_HUY,,,,,cmjjumzap0001tsi2duq5956e,DANG_CONG_TAC,QN00000080,Đại tá,Chủ nhiệm khoa,1999-12-25 17:11:11.967,,,,,,1,,,2026-02-20 07:47:46.507,2026-02-20 07:47:46.507
cmlul7xla00zxt7xrjge6tonh,CB00081,Nguyễn Hoàng Việt,1997-08-21 00:30:35.666,MALE,,,,,CAN_BO_CHI_HUY,,,,,cmjjumzap0001tsi2duq5956e,DANG_CONG_TAC,QN00000081,Thượng tá,P.Chủ nhiệm khoa,2009-04-26 15:55:53.568,,,,,,1,,,2026-02-20 07:47:46.511,2026-02-20 07:47:46.511
cmlul7xle00zzt7xr2rb4ga3l,CB00082,Chu Thị Hải Ninh,1975-05-23 18:20:59.966,FEMALE,,,,,CAN_BO_CHI_HUY,,,,,cmjjumzap0001tsi2duq5956e,DANG_CONG_TAC,QN00000082,Thượng tá,P.Chủ nhiệm khoa,2007-12-10 07:51:53.007,,,,,,1,,,2026-02-20 07:47:46.514,2026-02-20 07:47:46.514
cmlul7xli0101t7xra0biy02i,CB00083,Phạm Văn Hoàn,1987-02-19 11:34:18.104,MALE,,,,,CAN_BO_CHI_HUY,,,,,cmjjumzap0001tsi2duq5956e,DANG_CONG_TAC,QN00000083,Trung tá,Q. Chủ nhiệm bộ môn,2002-03-08 23:09:44.712,,,,,,1,,,2026-02-20 07:47:46.518,2026-02-20 07:47:46.518
cmlul7xll0103t7xrh0ksp5ri,CB00084,Phạm Tri Thức,1987-01-29 18:43:43.083,MALE,,,,,CAN_BO_CHI_HUY,,,,,cmjjumzap0001tsi2duq5956e,DANG_CONG_TAC,QN00000084,Trung tá,Q.Chủ nhiệm bộ môn,2008-08-10 00:09:17.219,,,,,,1,,,2026-02-20 07:47:46.522,2026-02-20 07:47:46.522
cmlul7xlp0105t7xrlyuiguaj,CB00085,Vũ Đức Việt,1970-08-04 09:32:14.695,MALE,,,,,CAN_BO_CHI_HUY,,,,,cmjjumzap0001tsi2duq5956e,DANG_CONG_TAC,QN00000085,Thượng tá,P. Chủ nhiệm bộ môn,1995-02-15 22:04:25.352,,,,,,1,,,2026-02-20 07:47:46.525,2026-02-20 07:47:46.525
cmlul7xlt0107t7xrxhynt1z6,CB00086,Nguyễn Anh Tuấn,1965-01-09 09:23:38.596,MALE,,,,,CAN_BO_CHI_HUY,,,,,cmjjumzbm000ptsi2wiu0uq4y,DANG_CONG_TAC,QN00000086,Thượng tá,Chủ nhiệm khoa,2006-08-10 22:56:15.322,,,,,,1,,,2026-02-20 07:47:46.529,2026-02-20 07:47:46.529
cmlul7xlw0109t7xrvhbswrsd,CB00087,Bùi Thanh Huyền,1995-11-15 23:13:09.535,MALE,,,,,CAN_BO_CHI_HUY,,,,,cmjjumzap0001tsi2duq5956e,DANG_CONG_TAC,QN00000087,Thượng tá,P.Chủ nhiệm khoa,2007-12-28 09:56:37.164,,,,,,1,,,2026-02-20 07:47:46.533,2026-02-20 07:47:46.533
cmlul7xm0010bt7xrm64ud189,CB00088,Phạm Thị Tuyết Nhung,1974-12-28 09:14:18.207,MALE,,,,,CAN_BO_CHI_HUY,,,,,cmjjumzap0001tsi2duq5956e,DANG_CONG_TAC,QN00000088,Thượng tá,Q.Chủ nhiệm bộ môn,1998-09-06 03:37:32.951,,,,,,1,,,2026-02-20 07:47:46.536,2026-02-20 07:47:46.536
cmlul7xm4010dt7xrfq8mi901,CB00089,Đinh Công Cường,1991-05-26 00:17:03.734,MALE,,,,,CAN_BO_CHI_HUY,,,,,cmjjumzap0001tsi2duq5956e,DANG_CONG_TAC,QN00000089,Đại tá,Chủ nhiệm bộ môn,1996-02-26 01:49:41.838,,,,,,1,,,2026-02-20 07:47:46.54,2026-02-20 07:47:46.54
cmlul7xm7010ft7xrjzsh19z2,CB00090,Đỗ Thị Thanh Hương,1969-06-06 19:14:18.675,MALE,,,,,CAN_BO_CHI_HUY,,,,,cmjjumzap0001tsi2duq5956e,DANG_CONG_TAC,QN00000090,Thượng tá,Chủ nhiệm bộ môn,2014-11-30 15:39:58.664,,,,,,1,,,2026-02-20 07:47:46.544,2026-02-20 07:47:46.544
cmlul7xmb010ht7xr9wxrn8m8,CB00091,Nguyễn Đức Thịnh,1991-09-30 18:14:26.566,MALE,,,,,CAN_BO_CHI_HUY,,,,,cmjjumzap0001tsi2duq5956e,DANG_CONG_TAC,QN00000091,Trung tá,Chủ nhiệm bộ môn,1999-05-30 02:04:18.616,,,,,,1,,,2026-02-20 07:47:46.547,2026-02-20 07:47:46.547
cmlul7xme010jt7xrzaittund,CB00092,Đồng Thị Phương Nga,1991-07-09 17:11:26.152,FEMALE,,,,,CAN_BO_CHI_HUY,,,,,cmjjumzap0001tsi2duq5956e,DANG_CONG_TAC,QN00000092,Trung tá,Chủ nhiệm bộ môn,1996-09-30 17:07:12.939,,,,,,1,,,2026-02-20 07:47:46.551,2026-02-20 07:47:46.551
cmlul7xmi010lt7xrpzxewk9y,CB00093,Trịnh Trung Kiên,1966-03-13 07:14:22.385,MALE,,,,,CAN_BO_CHI_HUY,,,,,cmjjumzap0001tsi2duq5956e,DANG_CONG_TAC,QN00000093,Đại tá,P. Chủ nhiệm bộ môn,2012-04-25 01:04:56.374,,,,,,1,,,2026-02-20 07:47:46.554,2026-02-20 07:47:46.554
cmlul7xml010nt7xrox91e78y,CB00094,Ngô Khánh Thiện,1978-03-06 20:46:29.735,MALE,,,,,CAN_BO_CHI_HUY,,,,,cmjjumzbo000rtsi2ialufxp3,DANG_CONG_TAC,QN00000094,Đại tá,PT. Chủ nhiệm khoa,2012-09-14 08:59:28.586,,,,,,1,,,2026-02-20 07:47:46.558,2026-02-20 07:47:46.558
cmlul7xmp010pt7xrb0i72tvv,CB00095,Phạm Văn Hải,1977-04-14 19:47:21.683,MALE,,,,,CAN_BO_CHI_HUY,,,,,cmjjumzap0001tsi2duq5956e,DANG_CONG_TAC,QN00000095,Đại tá,P. Chủ nhiệm khoa,2004-08-03 23:45:06.273,,,,,,1,,,2026-02-20 07:47:46.562,2026-02-20 07:47:46.562
cmlul7xmt010rt7xrh7pfb1q4,CB00096,Hà Đức Tuấn,1980-11-05 11:13:28.16,MALE,,,,,CAN_BO_CHI_HUY,,,,,cmjjumzap0001tsi2duq5956e,DANG_CONG_TAC,QN00000096,Đại tá,P. Chủ nhiệm khoa,2013-10-08 18:15:43.52,,,,,,1,,,2026-02-20 07:47:46.565,2026-02-20 07:47:46.565
cmlul7xmw010tt7xr9sdo5w4e,CB00097,Nguyễn Hữu Sơn,1970-10-15 05:57:26.124,MALE,,,,,CAN_BO_CHI_HUY,,,,,cmjjumzap0001tsi2duq5956e,DANG_CONG_TAC,QN00000097,Đại tá,Chủ nhiệm bộ môn,1996-11-13 04:52:00.536,,,,,,1,,,2026-02-20 07:47:46.569,2026-02-20 07:47:46.569
cmlul7xn0010vt7xri2s0flf6,CB00098,Chử Minh Tư,1992-11-25 12:04:25.409,MALE,,,,,CAN_BO_CHI_HUY,,,,,cmjjumzap0001tsi2duq5956e,DANG_CONG_TAC,QN00000098,Đại tá,Q. Chủ nhiệm bộ môn,2010-11-13 01:51:48.39,,,,,,1,,,2026-02-20 07:47:46.572,2026-02-20 07:47:46.572
cmlul7xn4010xt7xrfzp6ubwy,CB00099,Nguyễn Mạnh Quân,1983-06-12 10:19:46.596,MALE,,,,,CAN_BO_CHI_HUY,,,,,cmjjumzap0001tsi2duq5956e,DANG_CONG_TAC,QN00000099,Đại tá,Chủ nhiệm bộ môn,2000-09-02 18:43:37.82,,,,,,1,,,2026-02-20 07:47:46.576,2026-02-20 07:47:46.576
cmlul7xn7010zt7xrphovrwey,CB00100,Nguyễn Văn Thà,1980-02-18 20:51:48.696,MALE,,,,,CAN_BO_CHI_HUY,,,,,cmjjumzap0001tsi2duq5956e,DANG_CONG_TAC,QN00000100,Đại tá,Chủ nhiệm bộ môn,1998-06-27 12:39:16.178,,,,,,1,,,2026-02-20 07:47:46.58,2026-02-20 07:47:46.58
cmlul7xnb0111t7xrhdyqn5mv,CB00101,Nguyễn Văn Thịnh,1998-08-09 12:01:00.667,MALE,,,,,CAN_BO_CHI_HUY,,,,,cmjjumzap0001tsi2duq5956e,DANG_CONG_TAC,QN00000101,Thượng tá,Chủ nhiệm bộ môn,2011-05-08 05:45:41.249,,,,,,1,,,2026-02-20 07:47:46.583,2026-02-20 07:47:46.583
cmlul7xnf0113t7xrf7621213,CB00102,Vũ Huy Tráng,1993-06-18 19:55:40.76,FEMALE,,,,,CAN_BO_CHI_HUY,,,,,cmjjumzap0001tsi2duq5956e,DANG_CONG_TAC,QN00000102,Đại tá,Chủ nhiệm bộ môn,2004-08-19 19:39:18.261,,,,,,1,,,2026-02-20 07:47:46.587,2026-02-20 07:47:46.587
cmlul7xnj0115t7xrt0erv8e2,CB00103,Đỗ Quang Hạnh,1963-07-20 03:29:43.125,MALE,,,,,CONG_NHAN_VIEN,,,,,cmjjumzbd000ftsi2f0xdpnnd,DANG_CONG_TAC,QN00000103,Trung úy,Trợ lý,2013-06-08 06:55:23.97,,,,,,1,,,2026-02-20 07:47:46.591,2026-02-20 07:47:46.591
cmlul7xnm0117t7xr4alb6a48,CB00104,Vũ Tuấn Minh,1974-06-29 08:57:11.619,FEMALE,,,,,GIANG_VIEN,,,,,cmjjumzbf000htsi2ysxlz1mm,DANG_CONG_TAC,QN00000104,Trung úy,Giảng viên,2013-11-21 17:48:11.319,,,,,,1,,,2026-02-20 07:47:46.595,2026-02-20 07:47:46.595
cmlul7xnq0119t7xr480s3tp6,CB00105,Hoàng Đức Anh,1979-02-06 11:04:55.654,MALE,,,,,GIANG_VIEN,,,,,cmjjumzap0001tsi2duq5956e,DANG_CONG_TAC,QN00000105,Trung úy,Giảng viên,1999-02-03 12:59:29.461,,,,,,1,,,2026-02-20 07:47:46.598,2026-02-20 07:47:46.598
cmlul7xnu011bt7xrzddlirw0,CB00106,Hoàng Kim,1968-12-13 03:59:14.667,MALE,,,,,GIANG_VIEN,,,,,cmjjumzap0001tsi2duq5956e,DANG_CONG_TAC,QN00000106,Trung úy,Giảng viên,2008-05-02 18:25:40.6,,,,,,1,,,2026-02-20 07:47:46.602,2026-02-20 07:47:46.602
cmlul7xnx011dt7xrax41dhvs,CB00107,Trịnh Trần Đức,1974-05-27 03:26:07.148,MALE,,,,,GIANG_VIEN,,,,,cmjjumzbf000htsi2ysxlz1mm,DANG_CONG_TAC,QN00000107,Trung úy,Giảng viên,2000-08-22 21:05:40.436,,,,,,1,,,2026-02-20 07:47:46.606,2026-02-20 07:47:46.606
cmlul7xo1011ft7xr7a86cbmb,CB00108,Lê Quốc An,1967-09-03 11:58:06.123,MALE,,,,,GIANG_VIEN,,,,,cmjjumzap0001tsi2duq5956e,DANG_CONG_TAC,QN00000108,Trung úy,Giảng viên,1998-02-08 05:09:10.42,,,,,,1,,,2026-02-20 07:47:46.61,2026-02-20 07:47:46.61
cmlul7xo5011ht7xr1idbvoeh,CB00109,Trần Đình Thành Đạt,1960-05-15 01:56:47.868,FEMALE,,,,,GIANG_VIEN,,,,,cmjjumzbh000jtsi21iap2kce,DANG_CONG_TAC,QN00000109,Trung úy,Giảng viên,2006-10-26 23:02:03.892,,,,,,1,,,2026-02-20 07:47:46.614,2026-02-20 07:47:46.614
cmlul7xo9011jt7xr1tab31dz,CB00110,Ngô Minh Đức,1988-12-25 15:49:52.793,MALE,,,,,GIANG_VIEN,,,,,cmjjumzbh000jtsi21iap2kce,DANG_CONG_TAC,QN00000110,Trung úy,Giảng viên,2010-05-01 02:45:03.416,,,,,,1,,,2026-02-20 07:47:46.617,2026-02-20 07:47:46.617
cmlul7xoc011lt7xrmpy391xn,CB00111,Nguyễn Vũ Thành Hưng,1979-07-28 06:04:20.755,MALE,,,,,GIANG_VIEN,,,,,cmjjumzbh000jtsi21iap2kce,DANG_CONG_TAC,QN00000111,Trung úy,Giảng viên,2000-10-14 18:11:56.394,,,,,,1,,,2026-02-20 07:47:46.621,2026-02-20 07:47:46.621
cmlul7xog011nt7xr24qqsjxy,CB00112,Nguyễn Hoàng Vịnh,1960-08-09 14:20:20.221,FEMALE,,,,,GIANG_VIEN,,,,,cmjjumzbj000ltsi216getk3s,DANG_CONG_TAC,QN00000112,Trung úy,Giảng viên,2009-04-21 12:37:23.549,,,,,,1,,,2026-02-20 07:47:46.624,2026-02-20 07:47:46.624
cmlul7xok011pt7xrl4es14wr,CB00113,Nguyễn Thành Long,1973-12-02 12:08:33.847,MALE,,,,,GIANG_VIEN,,,,,cmjjumzbl000ntsi2wns1kriu,DANG_CONG_TAC,QN00000113,Trung úy,Giảng viên,1997-07-30 10:11:15.389,,,,,,1,,,2026-02-20 07:47:46.628,2026-02-20 07:47:46.628
cmlul7xoo011rt7xrra2ahonu,CB00114,Hoàng Nghĩa Lâm,1979-12-06 08:05:47.785,FEMALE,,,,,GIANG_VIEN,,,,,cmjjumzap0001tsi2duq5956e,DANG_CONG_TAC,QN00000114,Trung úy,Giảng viên,2014-04-09 04:19:48.213,,,,,,1,,,2026-02-20 07:47:46.632,2026-02-20 07:47:46.632
cmlul7xos011tt7xrtwinm7ib,CB00115,Mai Thùy Linh,1963-01-18 02:08:46.941,MALE,,,,,GIANG_VIEN,,,,,cmjjumzbm000ptsi2wiu0uq4y,DANG_CONG_TAC,QN00000115,Trung úy,Giảng viên,2003-07-26 13:51:19.6,,,,,,1,,,2026-02-20 07:47:46.636,2026-02-20 07:47:46.636
cmlul7xow011vt7xrhci3auw5,CB00116,Phạm Quang Huy,1969-11-16 13:21:49.195,MALE,,,,,GIANG_VIEN,,,,,cmjjumzbo000rtsi2ialufxp3,DANG_CONG_TAC,QN00000116,Trung úy,Giảng viên,2015-09-09 18:05:32.867,,,,,,1,,,2026-02-20 07:47:46.64,2026-02-20 07:47:46.64
cmlul7xoz011xt7xrmdxu4paa,CB00117,Nguyễn Thị Thanh Nhàn,1964-09-11 21:08:54.172,FEMALE,,,,,GIANG_VIEN,,,,,cmjjumzbq000ttsi2xsodpuh7,DANG_CONG_TAC,QN00000117,Trung úy,Giảng viên,2012-02-27 16:43:18.302,,,,,,1,,,2026-02-20 07:47:46.644,2026-02-20 07:47:46.644
cmlul7xp3011zt7xri59yfoik,CB00118,Nguyễn Việt Trung,1977-08-17 04:56:34.721,FEMALE,,,,,GIANG_VIEN,,,,,cmjjumzbs000vtsi2mzykuz68,DANG_CONG_TAC,QN00000118,Trung úy,Giảng viên,2006-12-21 19:53:19.868,,,,,,1,,,2026-02-20 07:47:46.647,2026-02-20 07:47:46.647
cmlul7xp70121t7xrfjgjbfyv,CB00119,Nguyễn Tiến Đạt,1987-07-07 18:35:46.311,MALE,,,,,GIANG_VIEN,,,,,cmjjumzap0001tsi2duq5956e,DANG_CONG_TAC,QN00000119,Thiếu úy,Giảng viên,1998-08-17 07:21:35.292,,,,,,1,,,2026-02-20 07:47:46.651,2026-02-20 07:47:46.651
cmlul7xpa0123t7xrv3kscabj,CB00120,Vũ Trọng Tấn,1996-10-05 16:17:08.522,MALE,,,,,HOC_VIEN_QUAN_SU,,,,,cmjjumzc00013tsi240ylxppz,DANG_CONG_TAC,QN00000120,Trung úy,Trung đội trưởng,2003-07-22 01:22:07.732,,,,,,1,,,2026-02-20 07:47:46.655,2026-02-20 07:47:46.655
cmlul7xpe0125t7xrruun0aka,CB00121,Nguyễn Văn Công,1990-01-11 18:18:47.093,MALE,,,,,HOC_VIEN_QUAN_SU,,,,,cmjjumzap0001tsi2duq5956e,DANG_CONG_TAC,QN00000121,Thiếu úy,Trung đội trưởng,2008-02-22 02:21:45.161,,,,,,1,,,2026-02-20 07:47:46.658,2026-02-20 07:47:46.658
cmlul7xpi0127t7xrjgozi8w1,CB00122,Hoàng Tiến Tài,1986-12-02 05:56:04.737,MALE,,,,,HOC_VIEN_QUAN_SU,,,,,cmjjumzc00013tsi240ylxppz,DANG_CONG_TAC,QN00000122,Trung úy,Trung đội trưởng,2005-06-25 22:07:23.709,,,,,,1,,,2026-02-20 07:47:46.662,2026-02-20 07:47:46.662
cmlul7xpl0129t7xr71lscwic,CB00123,Nguyễn Ngọc Anh,1963-01-10 17:47:52.463,MALE,,,,,HOC_VIEN_QUAN_SU,,,,,cmjjumzc00013tsi240ylxppz,DANG_CONG_TAC,QN00000123,Trung úy,Trung đội trưởng,2015-07-12 08:39:23.014,,,,,,1,,,2026-02-20 07:47:46.666,2026-02-20 07:47:46.666
cmlul7xpp012bt7xr5fuzmm0e,CB00124,Lê Xuân Quang,1968-05-24 00:46:34.999,MALE,,,,,CONG_NHAN_VIEN,,,,,cmjjumzc10015tsi2uy0kzk4q,DANG_CONG_TAC,QN00000124,Trung úy,Trợ lý CT,2001-01-20 00:00:40.512,,,,,,1,,,2026-02-20 07:47:46.669,2026-02-20 07:47:46.669
cmlul7xps012dt7xr7w8xa8wk,CB00125,Nguyễn Phụng Hưởng,1980-12-21 10:54:41.377,MALE,,,,,HOC_VIEN_QUAN_SU,,,,,cmjjumzc50019tsi212h0e2qq,DANG_CONG_TAC,QN00000125,Trung úy,Chính trị viên phó,2002-03-31 14:34:19.433,,,,,,1,,,2026-02-20 07:47:46.673,2026-02-20 07:47:46.673
cmlul7xpw012ft7xrkthi64yh,CB00126,Trịnh Bá Tuấn Anh,1996-02-20 22:54:18.019,MALE,,,,,GIANG_VIEN,,,,,cmjjumzbm000ptsi2wiu0uq4y,DANG_CONG_TAC,QN00000126,CCQP,Giảng viên,2010-02-17 17:15:30.39,,,,,,1,,,2026-02-20 07:47:46.676,2026-02-20 07:47:46.676
cmlul7xq0012ht7xr4gq5mo8i,CB00127,Đỗ Thị Trang,1964-03-11 21:11:33.852,MALE,,,,,GIANG_VIEN,,,,,cmjjumzbq000ttsi2xsodpuh7,DANG_CONG_TAC,QN00000127,CCQP,Giảng viên,2001-02-08 16:15:13.35,,,,,,1,,,2026-02-20 07:47:46.68,2026-02-20 07:47:46.68
cmlul7xq3012jt7xrmqqj8f10,CB00128,Bùi Thị Như Quỳnh,1961-06-11 11:06:56.342,MALE,,,,,CONG_NHAN_VIEN,,,,,cmjjumzbd000ftsi2f0xdpnnd,DANG_CONG_TAC,QN00000128,Trung úy CN,NV Hành chính,2004-05-26 22:39:48.085,,,,,,1,,,2026-02-20 07:47:46.683,2026-02-20 07:47:46.683
cmlul7xq7012lt7xr8g4mfdt7,CB00129,Trần Thu Hằng,1965-12-24 09:42:35.568,MALE,,,,,CONG_NHAN_VIEN,,,,,cmjjumzap0001tsi2duq5956e,DANG_CONG_TAC,QN00000129,Trung úy CN,NV Hành chính,2004-06-15 02:33:48.907,,,,,,1,,,2026-02-20 07:47:46.687,2026-02-20 07:47:46.687
cmlul7xqa012nt7xr43sph2g4,CB00130,Nguyễn Thị Liên,1990-02-06 10:30:32.195,FEMALE,,,,,CONG_NHAN_VIEN,,,,,cmjjumzap0001tsi2duq5956e,DANG_CONG_TAC,QN00000130,Trung úy CN,NV Hành chính,2014-04-25 08:13:23.04,,,,,,1,,,2026-02-20 07:47:46.691,2026-02-20 07:47:46.691
cmlul7xqe012pt7xrlqaor2y3,CB00131,Nguyễn Tấn Dũng,1999-11-19 01:32:42.024,FEMALE,,,,,CONG_NHAN_VIEN,,,,,cmjjumzbd000ftsi2f0xdpnnd,DANG_CONG_TAC,QN00000131,Trung úy CN,NV CNTT,2000-01-07 03:42:39.801,,,,,,1,,,2026-02-20 07:47:46.694,2026-02-20 07:47:46.694
cmlul7xqi012rt7xrn9n0ekpx,CB00132,Chu Bách Tùng,1999-07-12 23:27:31.422,MALE,,,,,CONG_NHAN_VIEN,,,,,cmjjumzby0011tsi2emx6euo5,DANG_CONG_TAC,QN00000132,Trung úy CN,NV Thống kê,2008-07-29 07:55:17.367,,,,,,1,,,2026-02-20 07:47:46.698,2026-02-20 07:47:46.698
cmlul7xql012tt7xriuaat926,CB00133,Đặng Thanh Long,1993-04-23 21:56:36.577,FEMALE,,,,,CONG_NHAN_VIEN,,,,,cmjjumzap0001tsi2duq5956e,DANG_CONG_TAC,QN00000133,Thiếu úy CN,NV Nấu ăn,2010-03-16 14:15:44.486,,,,,,1,,,2026-02-20 07:47:46.702,2026-02-20 07:47:46.702
cmlul7xqp012vt7xrscqh72y6,CB00134,Nguyễn Tiến Đạt,1965-03-28 13:37:11.818,FEMALE,,,,,CONG_NHAN_VIEN,,,,,cmjjumzap0001tsi2duq5956e,DANG_CONG_TAC,QN00000134,Trung úy CN,NV Nấu ăn,2002-02-06 07:19:07.474,,,,,,1,,,2026-02-20 07:47:46.705,2026-02-20 07:47:46.705
cmlul7xqt012xt7xr25py0y0k,CB00135,Nguyễn Chí Công,1970-07-05 09:40:05.094,MALE,,,,,CONG_NHAN_VIEN,,,,,cmjjumzap0001tsi2duq5956e,DANG_CONG_TAC,QN00000135,Trung úy CN,NV Nấu ăn,2015-09-04 10:30:56.26,,,,,,1,,,2026-02-20 07:47:46.709,2026-02-20 07:47:46.709
cmlul7xqw012zt7xrciydea59,CB00136,Lê Thành Công,1987-03-01 21:02:43.321,MALE,,,,,CONG_NHAN_VIEN,,,,,cmjjumzap0001tsi2duq5956e,DANG_CONG_TAC,QN00000136,Trung úy CN,NV Nấu ăn,2005-12-27 20:04:35.815,,,,,,1,,,2026-02-20 07:47:46.713,2026-02-20 07:47:46.713
cmlul7xr00131t7xrho1hb2ce,CB00137,Phan Tùng Sơn,1963-09-12 05:36:23.406,MALE,,,,,CAN_BO_CHI_HUY,,,,,cmjjumzax0003tsi2yx3yi7tm,DANG_CONG_TAC,QN00000137,Trung tướng,Giám đốc,2012-10-27 08:46:58.491,,,,,,1,,,2026-02-20 07:47:46.716,2026-02-20 07:47:46.716
cmlul7xr30133t7xromixxj94,CB00138,Dương Đức Thiện,1997-09-27 11:56:44.893,FEMALE,,,,,CAN_BO_CHI_HUY,,,,,cmjjumzap0001tsi2duq5956e,DANG_CONG_TAC,QN00000138,Trung tướng,Chính ủy,2006-02-24 22:55:47.163,,,,,,1,,,2026-02-20 07:47:46.72,2026-02-20 07:47:46.72
cmlul7xr70135t7xr9exj3cqa,CB00139,Lê Thành Long,1995-04-26 20:43:48.3,MALE,,,,,CAN_BO_CHI_HUY,,,,,cmjjumzap0001tsi2duq5956e,DANG_CONG_TAC,QN00000139,Thiếu tướng,Phó Chính ủy,2001-11-20 08:10:17.942,,,,,,1,,,2026-02-20 07:47:46.723,2026-02-20 07:47:46.723
cmlul7xrb0137t7xrh58x1273,CB00140,Nguyễn Văn Kiên,1987-04-27 01:46:26.217,MALE,,,,,CAN_BO_CHI_HUY,,,,,cmjjumzap0001tsi2duq5956e,DANG_CONG_TAC,QN00000140,Thiếu tướng,Phó Giám đốc,2003-03-16 21:53:17.569,,,,,,1,,,2026-02-20 07:47:46.727,2026-02-20 07:47:46.727
cmlul7xre0139t7xr59hz1d4z,CB00141,Nguyễn Quang Dũng,1969-06-27 14:57:55.211,MALE,,,,,CAN_BO_CHI_HUY,,,,,cmjjumzap0001tsi2duq5956e,DANG_CONG_TAC,QN00000141,Thiếu tướng,Phó Giám đốc,2002-08-13 17:05:56.199,,,,,,1,,,2026-02-20 07:47:46.731,2026-02-20 07:47:46.731
cmlul7xri013bt7xry4f7dae0,CB00142,Vũ Hồng Hà,1989-11-24 02:43:26.522,MALE,,,,,CAN_BO_CHI_HUY,,,,,cmjjumzap0001tsi2duq5956e,DANG_CONG_TAC,QN00000142,Đại tá,Phó Giám đốc,1999-07-22 02:41:13.774,,,,,,1,,,2026-02-20 07:47:46.735,2026-02-20 07:47:46.735
cmlul7xrm013dt7xrimni8lxx,CB00143,Vũ Nhật Văn,1962-07-14 04:19:05.462,MALE,,,,,CAN_BO_CHI_HUY,,,,,cmjjumzb00005tsi2so3puiyf,DANG_CONG_TAC,QN00000143,Đại tá,Trưởng phòng,1999-02-24 23:01:05.942,,,,,,1,,,2026-02-20 07:47:46.738,2026-02-20 07:47:46.738
cmlul7xrp013ft7xrqj485649,CB00144,Nguyễn Văn Phong,1994-10-18 02:28:54.481,FEMALE,,,,,CAN_BO_CHI_HUY,,,,,cmjjumzap0001tsi2duq5956e,DANG_CONG_TAC,QN00000144,Thượng tá,P.Trưởng phòng,1995-01-23 06:27:50.537,,,,,,1,,,2026-02-20 07:47:46.742,2026-02-20 07:47:46.742
cmlul7xrt013ht7xrxag7onfn,CB00145,Vũ Quang Hòa,1965-06-02 06:49:41.855,FEMALE,,,,,CAN_BO_CHI_HUY,,,,,cmjjumzap0001tsi2duq5956e,DANG_CONG_TAC,QN00000145,Đại tá,P.Trưởng phòng,1998-07-10 15:33:54.72,,,,,,1,,,2026-02-20 07:47:46.746,2026-02-20 07:47:46.746
cmlul7xrx013jt7xrhxtn2vnt,CB00146,Tạ Văn Thức,1969-01-31 04:35:26.629,MALE,,,,,CAN_BO_CHI_HUY,,,,,cmjjumzap0001tsi2duq5956e,DANG_CONG_TAC,QN00000146,Thượng tá,Trưởng ban,2014-06-09 12:58:10.862,,,,,,1,,,2026-02-20 07:47:46.749,2026-02-20 07:47:46.749
cmlul7xs0013lt7xrlnww0ynv,CB00147,Nguyễn Văn Dũng,1966-04-15 18:07:47.519,MALE,,,,,CAN_BO_CHI_HUY,,,,,cmjjumzap0001tsi2duq5956e,DANG_CONG_TAC,QN00000147,Đại tá,P.Trưởng ban,2003-11-19 10:07:14.103,,,,,,1,,,2026-02-20 07:47:46.753,2026-02-20 07:47:46.753
cmlul7xs4013nt7xrgsfca77u,CB00148,Nguyễn Thanh Bình,1969-04-07 08:53:04.106,MALE,,,,,CAN_BO_CHI_HUY,,,,,cmjjumzap0001tsi2duq5956e,DANG_CONG_TAC,QN00000148,Thượng tá,Trưởng ban,2004-12-18 05:18:34.692,,,,,,1,,,2026-02-20 07:47:46.756,2026-02-20 07:47:46.756
cmlul7xs8013pt7xrqu7fgnf7,CB00149,Nguyễn Tiến Lâm,1998-07-09 10:37:53.347,MALE,,,,,CONG_NHAN_VIEN,,,,,cmjjumzap0001tsi2duq5956e,DANG_CONG_TAC,QN00000149,Trung tá,Chỉ huy trưởng,2006-09-22 15:45:53.621,,,,,,1,,,2026-02-20 07:47:46.76,2026-02-20 07:47:46.76
cmlul7xsb013rt7xrudxpmf3b,CB00150,Phạm Hoàng Tuyên,1981-03-03 22:42:29.281,MALE,,,,,CONG_NHAN_VIEN,,,,,cmjjumzap0001tsi2duq5956e,DANG_CONG_TAC,QN00000150,Thượng úy,Trợ lý tuyển sinh,2014-02-06 10:10:16.041,,,,,,1,,,2026-02-20 07:47:46.764,2026-02-20 07:47:46.764
cmlul7xsf013tt7xr07acbb90,CB00151,Nguyễn Ngọc Sơn,1974-04-11 16:18:48.123,MALE,,,,,CAN_BO_CHI_HUY,,,,,cmjjumzap0001tsi2duq5956e,DANG_CONG_TAC,QN00000151,Đại tá,Trưởng phòng,2005-02-11 04:28:41.881,,,,,,1,,,2026-02-20 07:47:46.767,2026-02-20 07:47:46.767
cmlul7xsj013vt7xre3ci67s6,CB00152,Đỗ Duy Thắng,1962-05-27 00:05:22.402,MALE,,,,,CAN_BO_CHI_HUY,,,,,cmjjumzap0001tsi2duq5956e,DANG_CONG_TAC,QN00000152,Đại tá,P.Trưởng phòng,2009-07-29 00:38:36,,,,,,1,,,2026-02-20 07:47:46.771,2026-02-20 07:47:46.771
cmlul7xsm013xt7xr05pa6q1n,CB00153,Đặng Chính Nghĩa,1964-12-19 17:11:52.731,MALE,,,,,CAN_BO_CHI_HUY,,,,,cmjjumzap0001tsi2duq5956e,DANG_CONG_TAC,QN00000153,Đại tá,P.Trưởng phòng,2007-08-26 15:02:35.839,,,,,,1,,,2026-02-20 07:47:46.774,2026-02-20 07:47:46.774
cmlul7xsq013zt7xrbtanyhmp,CB00154,Lê Quang Vịnh,1972-06-13 21:15:05.789,MALE,,,,,CAN_BO_CHI_HUY,,,,,cmjjumzap0001tsi2duq5956e,DANG_CONG_TAC,QN00000154,Thượng tá,Trưởng ban,2000-11-13 19:23:22.576,,,,,,1,,,2026-02-20 07:47:46.778,2026-02-20 07:47:46.778
cmlul7xst0141t7xrviqpg3pc,CB00155,System Administrator,1998-02-26 17:28:34.294,MALE,,,,,CONG_NHAN_VIEN,,,,,cmkkzk89s0001qf08pwgnquki,DANG_CONG_TAC,QN00000155,Trung tá,Trợ lý,2015-09-23 09:13:56.455,,,,,,1,,,2026-02-20 07:47:46.782,2026-02-20 07:47:46.782
cmlul7xsx0143t7xrc8spp4i1,CB00156,Trần Văn Huấn,1966-10-26 04:16:42.155,MALE,,,,,CAN_BO_CHI_HUY,,,,,cmjjumzap0001tsi2duq5956e,DANG_CONG_TAC,QN00000156,Đại tá,Trưởng ban,2010-07-08 00:08:47.034,,,,,,1,,,2026-02-20 07:47:46.786,2026-02-20 07:47:46.786
cmlul7xt10145t7xroht1fcf3,CB00157,Lê Việt Cường,1984-12-09 09:42:27.697,MALE,,,,,CAN_BO_CHI_HUY,,,,,cmjjumzb40009tsi2ft5yc2qm,DANG_CONG_TAC,QN00000157,Đại tá,P. Chủ nhiệm Chính trị,2002-09-01 14:57:51.01,,,,,,1,,,2026-02-20 07:47:46.789,2026-02-20 07:47:46.789
cmlul7xt40147t7xrf268l1hk,CB00158,Đỗ Đức Tùng,1990-03-29 01:03:36.873,MALE,,,,,CAN_BO_CHI_HUY,,,,,cmjjumzap0001tsi2duq5956e,DANG_CONG_TAC,QN00000158,Đại tá,P. Chủ nhiệm Chính trị,2007-03-17 16:11:17.64,,,,,,1,,,2026-02-20 07:47:46.793,2026-02-20 07:47:46.793
cmlul7xt70149t7xrcnku1arw,CB00159,Nguyễn Ngọc Hải,1994-08-26 07:10:15.603,MALE,,,,,CONG_NHAN_VIEN,,,,,cmjjumzb40009tsi2ft5yc2qm,DANG_CONG_TAC,QN00000159,Đại tá,PCN UBKT,2010-08-07 09:06:27.146,,,,,,1,,,2026-02-20 07:47:46.796,2026-02-20 07:47:46.796
cmlul7xtb014bt7xrjk7ir1rg,CB00160,Hoàng Đình Huân,1965-08-19 11:05:56.9,MALE,,,,,CAN_BO_CHI_HUY,,,,,cmjjumzap0001tsi2duq5956e,DANG_CONG_TAC,QN00000160,Đại tá,Trưởng ban,2009-11-18 15:54:20.987,,,,,,1,,,2026-02-20 07:47:46.8,2026-02-20 07:47:46.8
cmlul7xtf014dt7xrf6fl7rdk,CB00161,Bùi Văn Dinh,1973-05-03 21:40:38.244,MALE,,,,,CAN_BO_CHI_HUY,,,,,cmjjumzap0001tsi2duq5956e,DANG_CONG_TAC,QN00000161,Thượng tá,Trưởng ban,2007-11-10 10:46:03.719,,,,,,1,,,2026-02-20 07:47:46.803,2026-02-20 07:47:46.803
cmlul7xti014ft7xronnp7hzz,CB00162,Chử Anh Tuấn,1983-12-14 21:21:18.22,FEMALE,,,,,CAN_BO_CHI_HUY,,,,,cmjjumzap0001tsi2duq5956e,DANG_CONG_TAC,QN00000162,Trung tá,Trưởng ban,2005-06-06 09:21:28.954,,,,,,1,,,2026-02-20 07:47:46.807,2026-02-20 07:47:46.807
cmlul7xtm014ht7xre7qnpz18,CB00163,Trần Hùng Cường,1984-11-23 11:57:43.567,FEMALE,,,,,CAN_BO_CHI_HUY,,,,,cmjjumzap0001tsi2duq5956e,DANG_CONG_TAC,QN00000163,Thượng tá,Trưởng ban,1999-02-05 23:45:45.101,,,,,,1,,,2026-02-20 07:47:46.811,2026-02-20 07:47:46.811
cmlul7xtq014jt7xrmllkprov,CB00164,Vũ Ba Duy,1968-02-02 18:01:20.333,MALE,,,,,CAN_BO_CHI_HUY,,,,,cmjjumzap0001tsi2duq5956e,DANG_CONG_TAC,QN00000164,Trung tá,Trưởng ban,1997-03-10 10:32:55.415,,,,,,1,,,2026-02-20 07:47:46.814,2026-02-20 07:47:46.814
cmlul7xtt014lt7xrqxgq9fay,CB00165,Bùi Huy Hoàng,1999-07-11 16:43:08.149,MALE,,,,,CONG_NHAN_VIEN,,,,,cmjjumzb40009tsi2ft5yc2qm,DANG_CONG_TAC,QN00000165,Thượng tá,UVCT UBKT,2012-12-23 14:01:12.191,,,,,,1,,,2026-02-20 07:47:46.818,2026-02-20 07:47:46.818
cmlul7xtx014nt7xr6sjaj4fm,CB00166,Nguyễn Văn Cao,1964-08-28 09:22:40.89,MALE,,,,,CONG_NHAN_VIEN,,,,,cmjjumzap0001tsi2duq5956e,DANG_CONG_TAC,QN00000166,Trung tá,Trợ lý Chính sách,2003-12-15 14:46:54.111,,,,,,1,,,2026-02-20 07:47:46.821,2026-02-20 07:47:46.821
cmlul7xu0014pt7xrm702m3sm,CB00167,Đỗ Đức Dương,1972-06-18 15:37:48.799,MALE,,,,,CONG_NHAN_VIEN,,,,,cmjjumzap0001tsi2duq5956e,DANG_CONG_TAC,QN00000167,Thượng úy,Trợ lý,2015-02-14 01:18:45.441,,,,,,1,,,2026-02-20 07:47:46.825,2026-02-20 07:47:46.825
cmlul7xu4014rt7xr1vs37yai,CB00168,Tô Văn Tiệp,1988-06-03 06:12:33.468,MALE,,,,,CONG_NHAN_VIEN,,,,,cmjjumzap0001tsi2duq5956e,DANG_CONG_TAC,QN00000168,Trung tá,Trợ lý,2008-10-09 21:21:10.024,,,,,,1,,,2026-02-20 07:47:46.828,2026-02-20 07:47:46.828
cmlul7xu8014tt7xre6xe16ks,CB00169,Lê Đình Quân,1977-03-12 15:52:21.901,MALE,,,,,CAN_BO_CHI_HUY,,,,,cmjjumzap0001tsi2duq5956e,DANG_CONG_TAC,QN00000169,Thượng tá,Trưởng phòng,2007-12-10 09:20:40.323,,,,,,1,,,2026-02-20 07:47:46.832,2026-02-20 07:47:46.832
cmlul7xub014vt7xr55gyyos6,CB00170,Vũ Văn Tiến,1996-03-13 23:16:41.391,MALE,,,,,CAN_BO_CHI_HUY,,,,,cmjjumzap0001tsi2duq5956e,DANG_CONG_TAC,QN00000170,Đại tá,P. Trưởng phòng,1999-07-12 05:30:42.802,,,,,,1,,,2026-02-20 07:47:46.836,2026-02-20 07:47:46.836
cmlul7xuf014xt7xruurhmucb,CB00171,Đặng Hiếu Minh,1966-04-17 01:02:22.556,FEMALE,,,,,CAN_BO_CHI_HUY,,,,,cmjjumzap0001tsi2duq5956e,DANG_CONG_TAC,QN00000171,Trung tá,P. Trưởng phòng,2006-12-04 02:34:26.827,,,,,,1,,,2026-02-20 07:47:46.839,2026-02-20 07:47:46.839
cmlul7xuj014zt7xr2voc3t0r,CB00172,Đỗ Văn Duy,1965-04-15 14:14:09.606,MALE,,,,,CAN_BO_CHI_HUY,,,,,cmjjumzap0001tsi2duq5956e,DANG_CONG_TAC,QN00000172,Thiếu tá,Trưởng ban,2001-06-21 00:45:39.721,,,,,,1,,,2026-02-20 07:47:46.843,2026-02-20 07:47:46.843
cmlul7xum0151t7xr8swo49ho,CB00173,Nguyễn Văn Bằng,1980-01-11 09:42:57.028,MALE,,,,,CAN_BO_CHI_HUY,,,,,cmjjumzap0001tsi2duq5956e,DANG_CONG_TAC,QN00000173,Thiếu tá,Trưởng ban,2008-01-05 01:44:08.747,,,,,,1,,,2026-02-20 07:47:46.846,2026-02-20 07:47:46.846
cmlul7xuq0153t7xrcnsovitz,CB00174,Bùi văn Đôn,1979-09-19 19:01:34.808,MALE,,,,,CAN_BO_CHI_HUY,,,,,cmjjumzap0001tsi2duq5956e,DANG_CONG_TAC,QN00000174,Trung tá,Trưởng ban,2006-05-23 20:19:07.06,,,,,,1,,,2026-02-20 07:47:46.85,2026-02-20 07:47:46.85
cmlul7xut0155t7xrxwk6w4eu,CB00175,Trần Thị Kim Thoa,1974-12-17 01:41:04.113,MALE,,,,,CAN_BO_CHI_HUY,,,,,cmjjumzap0001tsi2duq5956e,DANG_CONG_TAC,QN00000175,Đại tá,Trưởng ban,2006-05-07 15:52:40.714,,,,,,1,,,2026-02-20 07:47:46.854,2026-02-20 07:47:46.854
cmlul7xux0157t7xrxh8l75vz,CB00176,Hoàng Minh Tứ,1984-02-09 02:14:44.667,MALE,,,,,CAN_BO_CHI_HUY,,,,,cmjjumzap0001tsi2duq5956e,DANG_CONG_TAC,QN00000176,Thiếu tá,Q. Trưởng ban,2000-10-16 15:37:27.821,,,,,,1,,,2026-02-20 07:47:46.857,2026-02-20 07:47:46.857
cmlul7xv00159t7xrvbxumkqi,CB00177,Nguyễn Mạnh Thắng,1984-05-27 16:48:17.596,MALE,,,,,CAN_BO_CHI_HUY,,,,,cmjjumzap0001tsi2duq5956e,DANG_CONG_TAC,QN00000177,Trung tá,Trưởng ban,1997-08-25 00:57:12.927,,,,,,1,,,2026-02-20 07:47:46.861,2026-02-20 07:47:46.861
cmlul7xv4015bt7xrvconiyam,CB00178,Dương Anh Văn,1974-06-19 09:52:32.275,FEMALE,,,,,CAN_BO_CHI_HUY,,,,,cmjjumzap0001tsi2duq5956e,DANG_CONG_TAC,QN00000178,Trung tá,Trưởng ban,1995-07-03 13:58:17.815,,,,,,1,,,2026-02-20 07:47:46.865,2026-02-20 07:47:46.865
cmlul7xv8015dt7xrc1rckgrb,CB00179,Vũ Xuân Giang,1993-04-14 00:16:57.197,MALE,,,,,CONG_NHAN_VIEN,,,,,cmjjumzap0001tsi2duq5956e,DANG_CONG_TAC,QN00000179,Trung tá,Bệnh xá trưởng,1998-03-05 22:14:52.705,,,,,,1,,,2026-02-20 07:47:46.868,2026-02-20 07:47:46.868
cmlul7xvb015ft7xrqr27cxv6,CB00180,Nguyễn Văn Dũng,1979-09-18 01:36:17.569,FEMALE,,,,,CONG_NHAN_VIEN,,,,,cmjjumzap0001tsi2duq5956e,DANG_CONG_TAC,QN00000180,Trung tá,Trợ lý,1998-11-02 17:38:11.14,,,,,,1,,,2026-02-20 07:47:46.872,2026-02-20 07:47:46.872
cmlul7xvf015ht7xrb08yi4h5,CB00181,Hoàng Văn Khoa,1979-08-22 14:34:16.615,MALE,,,,,CAN_BO_CHI_HUY,,,,,cmjjumzap0001tsi2duq5956e,DANG_CONG_TAC,QN00000181,Thượng tá,P.Chủ nhiệm bộ môn,2015-02-17 04:48:38.604,,,,,,1,,,2026-02-20 07:47:46.875,2026-02-20 07:47:46.875
cmlul7xvj015jt7xro96dz4kh,CB00182,Nguyễn Đức Hạnh,1979-03-09 00:40:34.257,MALE,,,,,CAN_BO_CHI_HUY,,,,,cmjjumzap0001tsi2duq5956e,DANG_CONG_TAC,QN00000182,Đại tá,P. Chủ nhiệm bộ môn,2010-04-02 06:48:57.261,,,,,,1,,,2026-02-20 07:47:46.879,2026-02-20 07:47:46.879
cmlul7xvm015lt7xr7cmkwikj,CB00183,Phạm Ngọc Nhân,1995-03-21 21:06:14.454,MALE,,,,,CAN_BO_CHI_HUY,,,,,cmjjumzap0001tsi2duq5956e,DANG_CONG_TAC,QN00000183,Thượng tá,Chủ nhiệm khoa,2003-06-26 07:15:21.1,,,,,,1,,,2026-02-20 07:47:46.883,2026-02-20 07:47:46.883
cmlul7xvq015nt7xr5gfahfru,CB00184,Nguyễn Văn Ký,1982-07-13 09:02:37.526,MALE,,,,,CAN_BO_CHI_HUY,,,,,cmjjumzap0001tsi2duq5956e,DANG_CONG_TAC,QN00000184,Đại tá,P. Chủ nhiệm khoa,2015-10-07 11:15:03.971,,,,,,1,,,2026-02-20 07:47:46.886,2026-02-20 07:47:46.886
cmlul7xvt015pt7xral7ssn9d,CB00185,Nguyễn Việt Hà,1977-08-02 21:41:55.565,MALE,,,,,CAN_BO_CHI_HUY,,,,,cmjjumzap0001tsi2duq5956e,DANG_CONG_TAC,QN00000185,Đại tá,Chủ nhiệm bộ môn,1995-04-22 09:40:49.044,,,,,,1,,,2026-02-20 07:47:46.89,2026-02-20 07:47:46.89
cmlul7xvx015rt7xr25ahes9o,CB00186,Phạm Hữu Hùng,1980-02-24 17:23:42.336,MALE,,,,,CAN_BO_CHI_HUY,,,,,cmjjumzap0001tsi2duq5956e,DANG_CONG_TAC,QN00000186,Thượng tá,Chủ nhiệm bộ môn,2010-11-18 16:12:06.203,,,,,,1,,,2026-02-20 07:47:46.893,2026-02-20 07:47:46.893
cmlul7xw0015tt7xrpqhfigyl,CB00187,Nguyễn Tuấn Lê,1986-09-11 02:27:02.693,MALE,,,,,CAN_BO_CHI_HUY,,,,,cmjjumzap0001tsi2duq5956e,DANG_CONG_TAC,QN00000187,Thượng tá,PT. Chủ nhiệm bộ môn,2001-02-13 09:52:11.802,,,,,,1,,,2026-02-20 07:47:46.897,2026-02-20 07:47:46.897
cmlul7xw4015vt7xrlz08gsik,CB00188,Vũ Hồng Hà,1980-11-21 14:24:54.41,MALE,,,,,CAN_BO_CHI_HUY,,,,,cmjjumzap0001tsi2duq5956e,DANG_CONG_TAC,QN00000188,Thượng tá,P.Chủ nhiệm bộ môn,1996-04-30 04:08:34.579,,,,,,1,,,2026-02-20 07:47:46.9,2026-02-20 07:47:46.9
cmlul7xw8015xt7xrsker8iw5,CB00189,Tống Quang Tập,1975-09-30 07:23:33.168,FEMALE,,,,,CAN_BO_CHI_HUY,,,,,cmjjumzap0001tsi2duq5956e,DANG_CONG_TAC,QN00000189,Thượng tá,P.Chủ nhiệm bộ môn,2009-05-14 19:45:13.419,,,,,,1,,,2026-02-20 07:47:46.904,2026-02-20 07:47:46.904
cmlul7xwc015zt7xrlc9db1nr,CB00190,Nguyễn Văn Lân,1989-05-19 23:57:56.164,MALE,,,,,CAN_BO_CHI_HUY,,,,,cmjjumzap0001tsi2duq5956e,DANG_CONG_TAC,QN00000190,Đại tá,P.Chủ nhiệm bộ môn,2014-10-20 14:10:58.651,,,,,,1,,,2026-02-20 07:47:46.908,2026-02-20 07:47:46.908
cmlul7xwg0161t7xrd3kp6385,CB00191,Bùi Nam Hưng,1961-09-02 18:26:06.822,MALE,,,,,CAN_BO_CHI_HUY,,,,,cmjjumzap0001tsi2duq5956e,DANG_CONG_TAC,QN00000191,Đại tá,Chủ nhiệm khoa,1995-10-08 16:10:11.556,,,,,,1,,,2026-02-20 07:47:46.912,2026-02-20 07:47:46.912
cmlul7xwj0163t7xrhapi60vf,CB00192,Đoàn Quyết Thắng,1985-04-14 19:33:31.599,MALE,,,,,CAN_BO_CHI_HUY,,,,,cmjjumzap0001tsi2duq5956e,DANG_CONG_TAC,QN00000192,Đại tá,P.Chủ nhiệm khoa,1999-07-18 02:02:43.518,,,,,,1,,,2026-02-20 07:47:46.916,2026-02-20 07:47:46.916
cmlul7xwn0165t7xrvjomvjro,CB00193,Nguyễn Hữu Hoạt,1998-11-07 09:31:40.905,MALE,,,,,CAN_BO_CHI_HUY,,,,,cmjjumzap0001tsi2duq5956e,DANG_CONG_TAC,QN00000193,Đại tá,Chủ nhiệm bộ môn,2001-08-12 10:51:11.789,,,,,,1,,,2026-02-20 07:47:46.92,2026-02-20 07:47:46.92
cmlul7xwr0167t7xrjsh244yl,CB00194,Lê Việt Thắng,1978-08-11 10:47:40.309,FEMALE,,,,,CAN_BO_CHI_HUY,,,,,cmjjumzap0001tsi2duq5956e,DANG_CONG_TAC,QN00000194,Đại tá,Chủ nhiệm bộ môn,2003-05-15 00:26:58.141,,,,,,1,,,2026-02-20 07:47:46.923,2026-02-20 07:47:46.923
cmlul7xwv0169t7xr9upobc35,CB00195,Đồng Thái Quang,1974-05-10 05:05:51.155,MALE,,,,,CAN_BO_CHI_HUY,,,,,cmjjumzap0001tsi2duq5956e,DANG_CONG_TAC,QN00000195,Thượng tá,Chủ nhiệm bộ môn,2015-10-11 02:48:52.941,,,,,,1,,,2026-02-20 07:47:46.927,2026-02-20 07:47:46.927
cmlul7xwy016bt7xrxenfnx1y,CB00196,Bùi Đức Tuấn,1972-03-06 19:09:37.708,MALE,,,,,CAN_BO_CHI_HUY,,,,,cmjjumzap0001tsi2duq5956e,DANG_CONG_TAC,QN00000196,Đại tá,Chủ nhiệm bộ môn,1995-04-29 03:51:11.347,,,,,,1,,,2026-02-20 07:47:46.931,2026-02-20 07:47:46.931
cmlul7xx2016dt7xrc87tlrpg,CB00197,Vũ Văn Long,1998-08-23 11:14:10.408,MALE,,,,,CAN_BO_CHI_HUY,,,,,cmjjumzap0001tsi2duq5956e,DANG_CONG_TAC,QN00000197,Đại tá,P. Chủ nhiệm bộ môn,2013-12-31 05:04:02.785,,,,,,1,,,2026-02-20 07:47:46.934,2026-02-20 07:47:46.934
cmlul7xx5016ft7xrpmr5kzal,CB00198,Lương Tiến Lực,1984-11-03 21:14:13.607,MALE,,,,,CAN_BO_CHI_HUY,,,,,cmjjumzap0001tsi2duq5956e,DANG_CONG_TAC,QN00000198,Đại tá,P. Chủ nhiệm bộ môn,1996-09-28 15:20:29.003,,,,,,1,,,2026-02-20 07:47:46.938,2026-02-20 07:47:46.938
cmlul7xx9016ht7xrcpr2oi0f,CB00199,Nguyễn Vương Bình,1976-07-04 14:33:25.905,MALE,,,,,CAN_BO_CHI_HUY,,,,,cmjjumzap0001tsi2duq5956e,DANG_CONG_TAC,QN00000199,Đại tá,P.Chủ nhiệm bộ môn,1997-07-03 15:47:18.415,,,,,,1,,,2026-02-20 07:47:46.941,2026-02-20 07:47:46.941
cmlul7xxd016jt7xrmkxmsq9v,CB00200,Lê Khả Hòa,1968-12-21 23:06:34.96,MALE,,,,,CAN_BO_CHI_HUY,,,,,cmjjumzbq000ttsi2xsodpuh7,DANG_CONG_TAC,QN00000200,Trung tá,PT. Chủ nhiệm khoa,2014-11-26 10:25:02.523,,,,,,1,,,2026-02-20 07:47:46.945,2026-02-20 07:47:46.945
cmlul7xxh016lt7xrf28qo800,CB00201,Nguyễn Sơn Nam,1988-05-15 06:36:47.626,MALE,,,,,CAN_BO_CHI_HUY,,,,,cmjjumzap0001tsi2duq5956e,DANG_CONG_TAC,QN00000201,Đại tá,P.Chủ nhiệm khoa,1997-07-11 17:22:14.117,,,,,,1,,,2026-02-20 07:47:46.949,2026-02-20 07:47:46.949
cmlul7xxk016nt7xrf1baix02,CB00202,Phạm Văn Tăng,1984-10-18 04:39:39.589,MALE,,,,,CAN_BO_CHI_HUY,,,,,cmjjumzap0001tsi2duq5956e,DANG_CONG_TAC,QN00000202,Đại tá,Chủ nhiệm bộ môn,2008-01-27 01:16:59.239,,,,,,1,,,2026-02-20 07:47:46.952,2026-02-20 07:47:46.952
cmlul7xxo016pt7xri9smplim,CB00203,Nguyễn Hữu Tú,1973-07-18 12:21:51.23,MALE,,,,,CAN_BO_CHI_HUY,,,,,cmjjumzap0001tsi2duq5956e,DANG_CONG_TAC,QN00000203,Trung tá,Chủ nhiệm bộ môn,2011-07-20 22:51:16.703,,,,,,1,,,2026-02-20 07:47:46.956,2026-02-20 07:47:46.956
cmlul7xxr016rt7xr7biwcyp1,CB00204,Nguyễn Thị Thu Giang,1996-02-11 02:18:07.108,MALE,,,,,CAN_BO_CHI_HUY,,,,,cmjjumzap0001tsi2duq5956e,DANG_CONG_TAC,QN00000204,Đại tá,Chủ nhiệm bộ môn,2003-11-08 05:59:40.423,,,,,,1,,,2026-02-20 07:47:46.96,2026-02-20 07:47:46.96
cmlul7xxv016tt7xr0bbcryso,CB00205,Nguyễn Văn Trung,1983-03-29 04:11:19.427,MALE,,,,,CAN_BO_CHI_HUY,,,,,cmjjumzap0001tsi2duq5956e,DANG_CONG_TAC,QN00000205,Đại tá,Chủ nhiệm bộ môn,2007-10-19 03:52:31.613,,,,,,1,,,2026-02-20 07:47:46.963,2026-02-20 07:47:46.963
cmlul7xxz016vt7xrly1wkwtx,CB00206,Trần Thị Vân Anh,1972-08-06 09:00:04.933,MALE,,,,,CAN_BO_CHI_HUY,,,,,cmjjumzap0001tsi2duq5956e,DANG_CONG_TAC,QN00000206,Đại tá,Chủ nhiệm bộ môn,2015-05-24 05:22:59.503,,,,,,1,,,2026-02-20 07:47:46.967,2026-02-20 07:47:46.967
cmlul7xy2016xt7xr5ioautiz,CB00207,Nguyễn Thị Bích Hường,1965-06-24 14:35:58.533,MALE,,,,,CAN_BO_CHI_HUY,,,,,cmjjumzap0001tsi2duq5956e,DANG_CONG_TAC,QN00000207,Trung tá,Chủ nhiệm bộ môn,2002-03-02 19:06:25.691,,,,,,1,,,2026-02-20 07:47:46.97,2026-02-20 07:47:46.97
cmlul7xy6016zt7xrmr6l6wp4,CB00208,Nguyễn Văn Thành,2000-06-11 20:23:00.028,FEMALE,,,,,CAN_BO_CHI_HUY,,,,,cmjjumzap0001tsi2duq5956e,DANG_CONG_TAC,QN00000208,Thượng tá,P. Chủ nhiệm bộ môn,2012-01-10 22:16:37.62,,,,,,1,,,2026-02-20 07:47:46.974,2026-02-20 07:47:46.974
cmlul7xy90171t7xr5rsa5xyp,CB00209,Nguyễn Thành Trung,1991-02-25 10:10:43.556,MALE,,,,,CAN_BO_CHI_HUY,,,,,cmjjumzap0001tsi2duq5956e,DANG_CONG_TAC,QN00000209,Thượng tá,P. Chủ nhiệm bộ môn,2006-10-06 09:21:24.274,,,,,,1,,,2026-02-20 07:47:46.978,2026-02-20 07:47:46.978
cmlul7xyd0173t7xr1vwv14rs,CB00210,Cao Thị Lan Hương,1996-09-20 12:22:37.251,MALE,,,,,CAN_BO_CHI_HUY,,,,,cmjjumzbs000vtsi2mzykuz68,DANG_CONG_TAC,QN00000210,Đại tá,Chủ nhiệm khoa,2014-01-22 18:33:42.569,,,,,,1,,,2026-02-20 07:47:46.982,2026-02-20 07:47:46.982
cmlul7xyh0175t7xrq5arwoqj,CB00211,Nguyễn Thị Bích Diệp,1982-11-04 06:06:37.614,MALE,,,,,CAN_BO_CHI_HUY,,,,,cmjjumzap0001tsi2duq5956e,DANG_CONG_TAC,QN00000211,Thượng tá,P.Chủ nhiệm khoa,2010-03-08 23:22:28.903,,,,,,1,,,2026-02-20 07:47:46.985,2026-02-20 07:47:46.985
cmlul7xyl0177t7xr0891biru,CB00212,Lê Thị Hoa,1980-02-24 13:53:09.826,MALE,,,,,CAN_BO_CHI_HUY,,,,,cmjjumzap0001tsi2duq5956e,DANG_CONG_TAC,QN00000212,Trung tá,Chủ nhiệm bộ môn,1996-12-25 06:18:52.783,,,,,,1,,,2026-02-20 07:47:46.989,2026-02-20 07:47:46.989
cmlul7xyo0179t7xr0xk0us8t,CB00213,Trần Trung Phong,1969-11-30 18:01:39.693,MALE,,,,,CAN_BO_CHI_HUY,,,,,cmjjumzap0001tsi2duq5956e,DANG_CONG_TAC,QN00000213,Trung tá,Chủ nhiệm bộ môn,2015-11-26 00:21:58.63,,,,,,1,,,2026-02-20 07:47:46.992,2026-02-20 07:47:46.992
cmlul7xys017bt7xr809bze1q,CB00214,Hoàng Thị Thu Hà,1999-02-06 05:42:20.39,MALE,,,,,CAN_BO_CHI_HUY,,,,,cmjjumzap0001tsi2duq5956e,DANG_CONG_TAC,QN00000214,Thiếu tá,P. Chủ nhiệm bộ môn,2005-10-24 14:23:28.397,,,,,,1,,,2026-02-20 07:47:46.996,2026-02-20 07:47:46.996
cmlul7xyv017dt7xra88fzxp2,CB00215,Nguyễn Thanh Lam,1989-11-03 17:53:12.416,MALE,,,,,CAN_BO_CHI_HUY,,,,,cmjjumzap0001tsi2duq5956e,DANG_CONG_TAC,QN00000215,Đại tá,Chủ nhiệm khoa,1999-07-06 15:23:03.708,,,,,,1,,,2026-02-20 07:47:47,2026-02-20 07:47:47
cmlul7xyz017ft7xruwshurjv,CB00216,Đồng Văn Thưởng,1996-04-28 20:37:26.999,FEMALE,,,,,CAN_BO_CHI_HUY,,,,,cmjjumzap0001tsi2duq5956e,DANG_CONG_TAC,QN00000216,Đại tá,P.Chủ nhiệm khoa,1998-03-23 07:12:59.418,,,,,,1,,,2026-02-20 07:47:47.003,2026-02-20 07:47:47.003
cmlul7xz3017ht7xreqzdipcj,CB00217,Đỗ Xuân Long,1982-07-19 16:15:32.071,FEMALE,,,,,CAN_BO_CHI_HUY,,,,,cmjjumzap0001tsi2duq5956e,DANG_CONG_TAC,QN00000217,Đại tá,Chủ nhiệm bộ môn,2000-02-13 18:52:15.524,,,,,,1,,,2026-02-20 07:47:47.007,2026-02-20 07:47:47.007
cmlul7xz6017jt7xryufnvsdl,CB00218,Bùi Văn Mạnh,1993-04-25 20:50:53.596,FEMALE,,,,,CAN_BO_CHI_HUY,,,,,cmjjumzap0001tsi2duq5956e,DANG_CONG_TAC,QN00000218,Đại tá,Chủ nhiệm bộ môn,2000-05-01 10:47:57.258,,,,,,1,,,2026-02-20 07:47:47.011,2026-02-20 07:47:47.011
cmlul7xza017lt7xr2525nz5l,CB00219,Tống Hữu Phương,1964-05-17 15:33:38.603,MALE,,,,,CAN_BO_CHI_HUY,,,,,cmjjumzap0001tsi2duq5956e,DANG_CONG_TAC,QN00000219,Đại tá,Chủ nhiệm bộ môn,2001-05-14 14:02:29.259,,,,,,1,,,2026-02-20 07:47:47.014,2026-02-20 07:47:47.014
cmlul7xzd017nt7xr2tzg7ac9,CB00220,Nguyễn Hữu Toán,1998-07-12 06:55:36.634,MALE,,,,,CAN_BO_CHI_HUY,,,,,cmjjumzap0001tsi2duq5956e,DANG_CONG_TAC,QN00000220,Đại tá,P.Chủ nhiệm bộ môn,2013-04-19 21:42:09.214,,,,,,1,,,2026-02-20 07:47:47.018,2026-02-20 07:47:47.018
cmlul7xzh017pt7xrrxayn29n,CB00221,Bùi Văn Hải,1977-11-27 07:52:52.79,MALE,,,,,CONG_NHAN_VIEN,,,,,cmjjumzap0001tsi2duq5956e,DANG_CONG_TAC,QN00000221,Đại tá,Hệ trưởng,1996-10-10 21:42:59.606,,,,,,1,,,2026-02-20 07:47:47.021,2026-02-20 07:47:47.021
cmlul7xzk017rt7xrzccperhk,CB00222,Đào Văn Duy,1972-12-05 15:01:16.792,MALE,,,,,HOC_VIEN_QUAN_SU,,,,,cmjjumzap0001tsi2duq5956e,DANG_CONG_TAC,QN00000222,Đại tá,Chính trị viên,1995-02-12 21:11:47.475,,,,,,1,,,2026-02-20 07:47:47.025,2026-02-20 07:47:47.025
cmlul7xzo017tt7xr1rwtk8vp,CB00223,Đỗ Ngọc Oanh,1979-05-12 09:11:53.431,MALE,,,,,CONG_NHAN_VIEN,,,,,cmjjumzap0001tsi2duq5956e,DANG_CONG_TAC,QN00000223,Đại tá,Phó Hệ trưởng,2000-01-30 01:40:15.53,,,,,,1,,,2026-02-20 07:47:47.029,2026-02-20 07:47:47.029
cmlul7xzs017vt7xrxj6zbs9d,CB00224,Nguyễn Hải Định,1962-04-15 05:11:06.097,MALE,,,,,CONG_NHAN_VIEN,,,,,cmjjumzap0001tsi2duq5956e,DANG_CONG_TAC,QN00000224,Đại tá,Hệ trưởng,2011-05-10 06:54:16.283,,,,,,1,,,2026-02-20 07:47:47.032,2026-02-20 07:47:47.032
cmlul7xzv017xt7xrtvodl9ov,CB00225,Nguyễn Huy Hiệp,1974-12-24 11:08:53.084,FEMALE,,,,,HOC_VIEN_QUAN_SU,,,,,cmjjumzap0001tsi2duq5956e,DANG_CONG_TAC,QN00000225,Đại tá,Chính trị viên,2007-03-03 08:53:53.372,,,,,,1,,,2026-02-20 07:47:47.036,2026-02-20 07:47:47.036
cmlul7xzz017zt7xrcvjf9500,CB00226,Vũ Quang Hải,1970-04-12 19:53:02.842,MALE,,,,,CONG_NHAN_VIEN,,,,,cmjjumzap0001tsi2duq5956e,DANG_CONG_TAC,QN00000226,Thượng tá,Phó Hệ trưởng,2014-09-04 04:35:17.429,,,,,,1,,,2026-02-20 07:47:47.039,2026-02-20 07:47:47.039
cmlul7y020181t7xry0mevp6y,CB00227,Trần Xuân Đoạt,1991-07-01 20:09:47.046,MALE,,,,,CONG_NHAN_VIEN,,,,,cmjjumzap0001tsi2duq5956e,DANG_CONG_TAC,QN00000227,Đại tá,Hệ trưởng,1996-04-27 15:28:37.487,,,,,,1,,,2026-02-20 07:47:47.043,2026-02-20 07:47:47.043
cmlul7y060183t7xrvdudc140,CB00228,Nguyễn Trọng Bằng,1999-05-26 06:43:38.574,MALE,,,,,HOC_VIEN_QUAN_SU,,,,,cmjjumzap0001tsi2duq5956e,DANG_CONG_TAC,QN00000228,Thượng tá,Chính trị viên,1996-01-26 17:43:08.208,,,,,,1,,,2026-02-20 07:47:47.046,2026-02-20 07:47:47.046
cmlul7y090185t7xr1rmwigl2,CB00229,Vũ Thanh Quang,1970-11-24 11:31:27.512,MALE,,,,,CONG_NHAN_VIEN,,,,,cmjjumzap0001tsi2duq5956e,DANG_CONG_TAC,QN00000229,Đại tá,P.Hệ trưởng,2006-08-20 20:41:42.526,,,,,,1,,,2026-02-20 07:47:47.05,2026-02-20 07:47:47.05
cmlul7y0d0187t7xrlbsesm2w,CB00230,Tô Minh Thanh,1967-09-17 10:37:17.441,MALE,,,,,CONG_NHAN_VIEN,,,,,cmjjumzap0001tsi2duq5956e,DANG_CONG_TAC,QN00000230,Đại tá,Hệ trưởng,1995-02-16 09:55:40.044,,,,,,1,,,2026-02-20 07:47:47.053,2026-02-20 07:47:47.053
cmlul7y0g0189t7xrxmu78k3g,CB00231,Lại Thị Lý,1997-01-25 09:26:01.717,MALE,,,,,HOC_VIEN_QUAN_SU,,,,,cmjjumzap0001tsi2duq5956e,DANG_CONG_TAC,QN00000231,Đại tá,Chính trị viên,1996-11-08 02:52:47.07,,,,,,1,,,2026-02-20 07:47:47.057,2026-02-20 07:47:47.057
cmlul7y0k018bt7xrz6ql0bsz,CB00232,Nguyễn Văn Thuật,1976-11-28 06:44:20.664,MALE,,,,,CONG_NHAN_VIEN,,,,,cmjjumzap0001tsi2duq5956e,DANG_CONG_TAC,QN00000232,Đại tá,Phó Hệ trưởng,2004-08-28 01:33:59.671,,,,,,1,,,2026-02-20 07:47:47.06,2026-02-20 07:47:47.06
cmlul7y0o018dt7xrp1hk85t6,CB00233,Phạm Hồng Giang,1975-11-14 01:48:39.572,MALE,,,,,CONG_NHAN_VIEN,,,,,cmjjumzap0001tsi2duq5956e,DANG_CONG_TAC,QN00000233,Thượng tá,Lớp trưởng,1998-06-01 18:50:32.143,,,,,,1,,,2026-02-20 07:47:47.064,2026-02-20 07:47:47.064
cmlul7y0s018ft7xrfa33pikf,CB00234,Lương Quang Nhạ,1998-11-07 17:54:48.137,MALE,,,,,CONG_NHAN_VIEN,,,,,cmjjumzap0001tsi2duq5956e,DANG_CONG_TAC,QN00000234,Thiếu tá,Lớp trưởng,1999-01-11 10:08:22.348,,,,,,1,,,2026-02-20 07:47:47.068,2026-02-20 07:47:47.068
cmlul7y0v018ht7xr0jpw94qv,CB00235,Vũ Thành Long,1971-12-14 04:12:06.886,MALE,,,,,CONG_NHAN_VIEN,,,,,cmjjumzap0001tsi2duq5956e,DANG_CONG_TAC,QN00000235,Đại úy,Lớp trưở ng,2000-03-24 08:09:22.214,,,,,,1,,,2026-02-20 07:47:47.072,2026-02-20 07:47:47.072
cmlul7y0z018jt7xrfk7inkx1,CB00236,Dư Thanh Lâm,1975-03-22 17:19:36.933,MALE,,,,,HOC_VIEN_QUAN_SU,,,,,cmjjumzc00013tsi240ylxppz,DANG_CONG_TAC,QN00000236,Thiếu tá,Tiểu đoàn trưởng,2010-10-20 19:48:35.686,,,,,,1,,,2026-02-20 07:47:47.075,2026-02-20 07:47:47.075
cmlul7y12018lt7xr7cg60lux,CB00237,Mai Công Tuấn,1999-09-28 00:22:17.438,MALE,,,,,HOC_VIEN_QUAN_SU,,,,,cmjjumzap0001tsi2duq5956e,DANG_CONG_TAC,QN00000237,Trung tá,Chính trị viên,2007-01-12 21:51:02.145,,,,,,1,,,2026-02-20 07:47:47.079,2026-02-20 07:47:47.079
cmlul7y16018nt7xrtl1wl1be,CB00238,Lại Văn Thăng,1994-01-01 00:55:47.087,MALE,,,,,HOC_VIEN_QUAN_SU,,,,,cmjjumzc10015tsi2uy0kzk4q,DANG_CONG_TAC,QN00000238,Thiếu tá,Tiểu đoàn trưởng,2002-11-30 00:22:54.74,,,,,,1,,,2026-02-20 07:47:47.082,2026-02-20 07:47:47.082
cmlul7y1a018pt7xr1u50fy6x,CB00239,Hà Văn Nguyện,1994-09-30 00:11:38.043,MALE,,,,,HOC_VIEN_QUAN_SU,,,,,cmjjumzap0001tsi2duq5956e,DANG_CONG_TAC,QN00000239,Trung tá,Chính trị viên,2012-01-27 10:24:21.15,,,,,,1,,,2026-02-20 07:47:47.086,2026-02-20 07:47:47.086
cmlul7y1d018rt7xrikka2cib,CB00240,Lã Phú Hưng,1987-08-30 15:42:54.836,MALE,,,,,HOC_VIEN_QUAN_SU,,,,,cmjjumzc30017tsi23061llw5,DANG_CONG_TAC,QN00000240,Trung tá,Tiểu đoàn trưởng,2014-07-01 11:54:27.25,,,,,,1,,,2026-02-20 07:47:47.09,2026-02-20 07:47:47.09
cmlul7y1h018tt7xrtaqq5u8t,CB00241,Nguyễn Đức Kiên,1985-10-30 10:32:53.016,MALE,,,,,HOC_VIEN_QUAN_SU,,,,,cmjjumzap0001tsi2duq5956e,DANG_CONG_TAC,QN00000241,Thượng tá,Chính trị viên,1997-04-04 06:45:02.446,,,,,,1,,,2026-02-20 07:47:47.093,2026-02-20 07:47:47.093
cmlul7y1k018vt7xrbdldhtg2,CB00242,Nguyễn Văn Mừng,1987-08-16 20:50:00.742,FEMALE,,,,,HOC_VIEN_QUAN_SU,,,,,cmjjumzc50019tsi212h0e2qq,DANG_CONG_TAC,QN00000242,Thượng tá,Tiểu đoàn trưởng,2005-12-11 20:31:01.401,,,,,,1,,,2026-02-20 07:47:47.097,2026-02-20 07:47:47.097
cmlul7y1o018xt7xrf4qqit82,CB00243,Lê Minh Đức,1984-08-16 05:28:38.773,MALE,,,,,HOC_VIEN_QUAN_SU,,,,,cmjjumzap0001tsi2duq5956e,DANG_CONG_TAC,QN00000243,Thượng tá,Chính trị viên,2002-06-09 14:35:47.112,,,,,,1,,,2026-02-20 07:47:47.1,2026-02-20 07:47:47.1
cmlul7y1r018zt7xrz8b37zup,CB00244,Nguyễn Thị Thu Hằng,1994-03-06 14:23:29.478,MALE,,,,,CONG_NHAN_VIEN,,,,,cmjjumzap0001tsi2duq5956e,DANG_CONG_TAC,QN00000244,Trung tá CN,NV Thống kê,2005-06-21 20:31:02.748,,,,,,1,,,2026-02-20 07:47:47.104,2026-02-20 07:47:47.104
cmlul7y1v0191t7xrvr5wz8ms,CB00245,Bùi Thanh Thùy,1971-05-13 12:55:11.922,MALE,,,,,CONG_NHAN_VIEN,,,,,cmjjumzap0001tsi2duq5956e,DANG_CONG_TAC,QN00000245,Thiếu tá CN,NV Kế toán,2008-01-08 22:04:13.516,,,,,,1,,,2026-02-20 07:47:47.107,2026-02-20 07:47:47.107
cmlul7y1z0193t7xro77eexam,CB00246,Phạm Thị Dung,1963-04-07 17:09:44.528,FEMALE,,,,,CONG_NHAN_VIEN,,,,,cmjjumzap0001tsi2duq5956e,DANG_CONG_TAC,QN00000246,Trung tá CN,Thủ kho,1996-07-14 06:59:05.561,,,,,,1,,,2026-02-20 07:47:47.111,2026-02-20 07:47:47.111
cmlul7y220195t7xrb4894h5e,CB00247,Lê Thị Thanh Huyền,1990-05-02 09:20:54.655,MALE,,,,,CONG_NHAN_VIEN,,,,,cmjjumzap0001tsi2duq5956e,DANG_CONG_TAC,QN00000247,Trung tá CN,Thủ kho,1995-04-23 19:14:46.772,,,,,,1,,,2026-02-20 07:47:47.115,2026-02-20 07:47:47.115
cmlul7y260197t7xrda47fdhj,CB00248,Nguyễn Hà Ninh,1963-09-29 13:45:24.17,MALE,,,,,CONG_NHAN_VIEN,,,,,cmjjumzap0001tsi2duq5956e,DANG_CONG_TAC,QN00000248,Thượng úy CN,NV Thống kê,2006-02-08 08:43:31.548,,,,,,1,,,2026-02-20 07:47:47.118,2026-02-20 07:47:47.118
cmlul7y290199t7xrlms9dx5h,CB00249,Vũ Thị Thanh Hà,1965-01-15 01:09:50.707,FEMALE,,,,,CONG_NHAN_VIEN,,,,,cmjjumzap0001tsi2duq5956e,DANG_CONG_TAC,QN00000249,Thiếu tá CN,Thủ kho,2003-04-18 05:17:35.35,,,,,,1,,,2026-02-20 07:47:47.122,2026-02-20 07:47:47.122
cmlul7y2d019bt7xr47uetn5g,CB00250,Phạm Văn Tuấn,1982-01-27 19:42:10.923,MALE,,,,,CONG_NHAN_VIEN,,,,,cmjjumzap0001tsi2duq5956e,DANG_CONG_TAC,QN00000250,Đại úy CN,Thủ kho,1995-08-20 06:02:22.347,,,,,,1,,,2026-02-20 07:47:47.126,2026-02-20 07:47:47.126
cmlul7y2h019dt7xr4ff09ouy,CB00251,Nguyễn Ngọc Hạ,1972-08-06 15:40:08.087,MALE,,,,,CONG_NHAN_VIEN,,,,,cmjjumzap0001tsi2duq5956e,DANG_CONG_TAC,QN00000251,Trung tá CN,NV Thống kê,2003-04-23 00:42:53.884,,,,,,1,,,2026-02-20 07:47:47.129,2026-02-20 07:47:47.129
cmlul7y2l019ft7xr655445oo,CB00252,Đoàn Thị Mừng,1964-08-20 03:09:47.966,FEMALE,,,,,CONG_NHAN_VIEN,,,,,cmjjumzap0001tsi2duq5956e,DANG_CONG_TAC,QN00000252,Thượng tá CN,NV Kế toán,2011-11-28 06:50:33.262,,,,,,1,,,2026-02-20 07:47:47.133,2026-02-20 07:47:47.133
cmlul7y2o019ht7xrmco34wrn,CB00253,Lê Thị Thanh Chang,1969-12-11 17:50:25.211,MALE,,,,,CONG_NHAN_VIEN,,,,,cmjjumzap0001tsi2duq5956e,DANG_CONG_TAC,QN00000253,Trung tá CN,Thủ kho,1997-02-16 08:48:16.308,,,,,,1,,,2026-02-20 07:47:47.137,2026-02-20 07:47:47.137
cmlul7y2s019jt7xr5nsp4wnf,CB00254,Nguyễn Thị Thúy,1971-05-27 17:22:24.62,FEMALE,,,,,CONG_NHAN_VIEN,,,,,cmjjumzap0001tsi2duq5956e,DANG_CONG_TAC,QN00000254,Trung tá CN,Thủ kho,2011-02-18 12:12:29.721,,,,,,1,,,2026-02-20 07:47:47.14,2026-02-20 07:47:47.14
cmlul7y2w019lt7xrn9ka5ckk,CB00255,Nguyễn Thị Huệ,1961-06-24 08:18:01.049,MALE,,,,,CONG_NHAN_VIEN,,,,,cmjjumzap0001tsi2duq5956e,DANG_CONG_TAC,QN00000255,Trung tá CN,NV Thống kê,1997-11-09 00:24:12.518,,,,,,1,,,2026-02-20 07:47:47.144,2026-02-20 07:47:47.144
cmlul7y2z019nt7xrpbdyx5t0,CB00256,Nguyễn Thị Thanh Xuân,1977-12-29 00:00:56.796,FEMALE,,,,,CONG_NHAN_VIEN,,,,,cmjjumzap0001tsi2duq5956e,DANG_CONG_TAC,QN00000256,Thượng tá CN,NV Tài chính,2009-09-10 17:26:35.27,,,,,,1,,,2026-02-20 07:47:47.148,2026-02-20 07:47:47.148
cmlul7y33019pt7xrdphcmv6e,CB00257,Nguyễn Thị Hồng Nương,2000-04-15 01:05:45.606,MALE,,,,,CONG_NHAN_VIEN,,,,,cmjjumzap0001tsi2duq5956e,DANG_CONG_TAC,QN00000257,Thượng tá CN,NV Tài chính,1995-03-27 09:22:59.303,,,,,,1,,,2026-02-20 07:47:47.151,2026-02-20 07:47:47.151
cmlul7y37019rt7xrtskgcik5,CB00258,Trần Thị Hải Yến,1993-02-16 21:32:59.662,MALE,,,,,CONG_NHAN_VIEN,,,,,cmjjumzap0001tsi2duq5956e,DANG_CONG_TAC,QN00000258,Thượng tá CN,NV Tài chính,2013-06-01 13:30:17.787,,,,,,1,,,2026-02-20 07:47:47.155,2026-02-20 07:47:47.155
cmlul7y3a019tt7xrhlivvu87,CB00259,Vũ Thị Thanh Thơm,1997-01-12 13:19:14.331,MALE,,,,,CONG_NHAN_VIEN,,,,,cmjjumzap0001tsi2duq5956e,DANG_CONG_TAC,QN00000259,Trung tá CN,NV Tài chính,1997-07-03 01:24:49.119,,,,,,1,,,2026-02-20 07:47:47.158,2026-02-20 07:47:47.158
cmlul7y3e019vt7xr7xqp4kj1,CB00260,Nguyễn Thị Thúy Dịu,1979-07-04 07:26:49.527,MALE,,,,,CONG_NHAN_VIEN,,,,,cmjjumzap0001tsi2duq5956e,DANG_CONG_TAC,QN00000260,Đại úy CN,NV Tài chính,1999-10-18 05:02:41.219,,,,,,1,,,2026-02-20 07:47:47.162,2026-02-20 07:47:47.162
cmlul7y3h019xt7xr8wwczsku,CB00261,Phạm Thị Thùy Dương,1983-02-19 13:09:35.563,MALE,,,,,CONG_NHAN_VIEN,,,,,cmjjumzap0001tsi2duq5956e,DANG_CONG_TAC,QN00000261,Thượng tá CN,Thủ quỹ,2004-01-08 01:39:55.094,,,,,,1,,,2026-02-20 07:47:47.166,2026-02-20 07:47:47.166
cmlul7y3l019zt7xrbrqonedr,CB00262,Trần Bích Ngọc,1970-03-27 05:10:12.204,FEMALE,,,,,CONG_NHAN_VIEN,,,,,cmjjumzby0011tsi2emx6euo5,DANG_CONG_TAC,QN00000262,Thượng úy CN,NV Tài chính,1997-08-22 00:24:37.252,,,,,,1,,,2026-02-20 07:47:47.169,2026-02-20 07:47:47.169
cmlul7y3o01a1t7xrrl3enngr,CB00263,Vũ Quang Hưng,1999-05-01 14:54:34.96,MALE,,,,,CONG_NHAN_VIEN,,,,,cmjjumzb40009tsi2ft5yc2qm,DANG_CONG_TAC,QN00000263,Trung tá,Trợ lý,1995-05-30 00:48:07.065,,,,,,1,,,2026-02-20 07:47:47.173,2026-02-20 07:47:47.173
cmlul7y3s01a3t7xra48p76uh,CB00264,Nguyễn Xuân Bách,1981-01-13 04:08:44.029,MALE,,,,,CONG_NHAN_VIEN,,,,,cmjjumzb40009tsi2ft5yc2qm,DANG_CONG_TAC,QN00000264,Thiếu tá,Trợ lý,1995-07-10 15:10:51.835,,,,,,1,,,2026-02-20 07:47:47.176,2026-02-20 07:47:47.176
cmlul7y3w01a5t7xrqwfg8ti6,CB00265,Nguyễn Văn Phong,1985-08-11 15:41:00.97,MALE,,,,,CONG_NHAN_VIEN,,,,,cmjjumzap0001tsi2duq5956e,DANG_CONG_TAC,QN00000265,Thiếu tá,Trợ lý,2014-09-23 06:18:41.796,,,,,,1,,,2026-02-20 07:47:47.18,2026-02-20 07:47:47.18
cmlul7y3z01a7t7xr6icaqvvn,CB00266,Nguyễn Tuấn Thích,1999-07-22 08:58:37.143,MALE,,,,,CONG_NHAN_VIEN,,,,,cmjjumzap0001tsi2duq5956e,DANG_CONG_TAC,QN00000266,Đại úy,Trợ lý,1997-05-20 17:27:42.805,,,,,,1,,,2026-02-20 07:47:47.184,2026-02-20 07:47:47.184
cmlul7y4301a9t7xrqosw5467,CB00267,Nguyễn Văn Thịnh,1985-11-13 03:36:11.514,MALE,,,,,CONG_NHAN_VIEN,,,,,cmjjumzbd000ftsi2f0xdpnnd,DANG_CONG_TAC,QN00000267,Thiếu tá,Trợ lý,2009-07-21 00:20:06.012,,,,,,1,,,2026-02-20 07:47:47.188,2026-02-20 07:47:47.188
cmlul7y4701abt7xrhnujympq,CB00268,Đỗ Văn Sơn,2000-03-25 15:06:51.281,MALE,,,,,CONG_NHAN_VIEN,,,,,cmjjumzap0001tsi2duq5956e,DANG_CONG_TAC,QN00000268,Thượng úy,Trợ lý,1995-06-07 20:56:44.92,,,,,,1,,,2026-02-20 07:47:47.191,2026-02-20 07:47:47.191
cmlul7y4a01adt7xrr1d7rggp,CB00269,Hoàng Chí Hiển,1976-10-17 20:14:59.105,MALE,,,,,CONG_NHAN_VIEN,,,,,cmjjumzap0001tsi2duq5956e,DANG_CONG_TAC,QN00000269,Thượng tá,Trợ lý,2011-08-22 08:03:59.247,,,,,,1,,,2026-02-20 07:47:47.195,2026-02-20 07:47:47.195
cmlul7y4e01aft7xr2a8qqox4,CB00270,Chu Hoàng Nga,1987-02-16 22:28:40.501,MALE,,,,,GIANG_VIEN,,,,,cmjjumzbh000jtsi21iap2kce,DANG_CONG_TAC,QN00000270,Thượng tá,Giảng viên,2007-12-21 02:50:17.062,,,,,,1,,,2026-02-20 07:47:47.198,2026-02-20 07:47:47.198
cmlul7y4h01aht7xruqojps8s,CB00271,Vũ Văn Trang,1965-03-06 14:52:23.312,MALE,,,,,GIANG_VIEN,,,,,cmjjumzbh000jtsi21iap2kce,DANG_CONG_TAC,QN00000271,Thiếu tá,Giảng viên,2014-02-14 05:02:55.847,,,,,,1,,,2026-02-20 07:47:47.202,2026-02-20 07:47:47.202
cmlul7y4l01ajt7xr7gx18wwc,CB00272,Nguyễn Thị Thanh Hoa,1967-03-17 00:58:55.784,FEMALE,,,,,GIANG_VIEN,,,,,cmjjumzbh000jtsi21iap2kce,DANG_CONG_TAC,QN00000272,Thiếu tá,Giảng viên,1998-02-07 08:54:21.637,,,,,,1,,,2026-02-20 07:47:47.205,2026-02-20 07:47:47.205
cmlul7y4o01alt7xrdgwdml6n,CB00273,Trần Văn Bắc,2000-06-20 13:36:20.983,MALE,,,,,GIANG_VIEN,,,,,cmjjumzbj000ltsi216getk3s,DANG_CONG_TAC,QN00000273,Trung tá,Giảng viên,2009-09-22 02:55:22.808,,,,,,1,,,2026-02-20 07:47:47.209,2026-02-20 07:47:47.209
cmlul7y4s01ant7xr9522mj7n,CB00274,Bùi Hồng Quân,1992-07-20 12:58:02.117,MALE,,,,,GIANG_VIEN,,,,,cmjjumzbl000ntsi2wns1kriu,DANG_CONG_TAC,QN00000274,Trung tá,Giảng viên,2003-12-02 17:53:21.896,,,,,,1,,,2026-02-20 07:47:47.213,2026-02-20 07:47:47.213
cmlul7y4w01apt7xr0u3c5h9j,CB00275,Ngô Huyền Trâm,1963-08-23 01:54:51.604,MALE,,,,,GIANG_VIEN,,,,,cmjjumzap0001tsi2duq5956e,DANG_CONG_TAC,QN00000275,Thiếu tá,Giảng viên,2007-02-01 16:39:04.752,,,,,,1,,,2026-02-20 07:47:47.216,2026-02-20 07:47:47.216
cmlul7y4z01art7xr25ju7sn2,CB00276,Nguyễn Thị Minh Huệ,1991-01-24 06:42:21.395,MALE,,,,,GIANG_VIEN,,,,,cmjjumzbm000ptsi2wiu0uq4y,DANG_CONG_TAC,QN00000276,Thượng tá,Giảng viên,2001-05-31 20:37:41.05,,,,,,1,,,2026-02-20 07:47:47.22,2026-02-20 07:47:47.22
cmlul7y5301att7xr9mh4un4k,CB00277,Ngô Văn Tùng,1996-11-18 13:16:39.233,MALE,,,,,GIANG_VIEN,,,,,cmjjumzap0001tsi2duq5956e,DANG_CONG_TAC,QN00000277,Thượng úy,Giảng viên,2012-02-20 15:55:09.248,,,,,,1,,,2026-02-20 07:47:47.223,2026-02-20 07:47:47.223
cmlul7y5601avt7xrbmga5n8p,CB00278,Nguyễn Văn Dũng,2000-03-31 05:25:13.707,MALE,,,,,GIANG_VIEN,,,,,cmjjumzbm000ptsi2wiu0uq4y,DANG_CONG_TAC,QN00000278,Thượng úy,Giảng viên,2008-05-11 01:32:54.546,,,,,,1,,,2026-02-20 07:47:47.227,2026-02-20 07:47:47.227
cmlul7y5a01axt7xrqpz3klo9,CB00279,Nguyễn Văn Hùng,1985-05-22 11:31:21.056,MALE,,,,,GIANG_VIEN,,,,,cmjjumzbo000rtsi2ialufxp3,DANG_CONG_TAC,QN00000279,Trung tá,Giảng viên,2006-02-03 07:03:44.216,,,,,,1,,,2026-02-20 07:47:47.23,2026-02-20 07:47:47.23
cmlul7y5e01azt7xr01rx6e7t,CB00280,Phạm Thanh Tuấn,1985-08-19 21:18:53.836,MALE,,,,,GIANG_VIEN,,,,,cmjjumzap0001tsi2duq5956e,DANG_CONG_TAC,QN00000280,Thiếu tá,Giảng viên,2004-02-28 14:50:38.156,,,,,,1,,,2026-02-20 07:47:47.234,2026-02-20 07:47:47.234
cmlul7y5h01b1t7xrkskod570,CB00281,Nguyễn Quốc Tuấn,1997-10-13 22:50:01.07,FEMALE,,,,,GIANG_VIEN,,,,,cmjjumzap0001tsi2duq5956e,DANG_CONG_TAC,QN00000281,Đại úy,Giảng viên,2003-01-14 21:44:07.44,,,,,,1,,,2026-02-20 07:47:47.238,2026-02-20 07:47:47.238
cmlul7y5l01b3t7xruzx95wog,CB00282,Trần Thị Mai Phương,1973-06-19 22:44:18.284,MALE,,,,,GIANG_VIEN,,,,,cmjjumzap0001tsi2duq5956e,DANG_CONG_TAC,QN00000282,Đại úy,Giảng viên,2007-04-23 09:44:06.572,,,,,,1,,,2026-02-20 07:47:47.241,2026-02-20 07:47:47.241
cmlul7y5o01b5t7xr22s659ux,CB00283,Phùng Quang Nguyên,1964-03-26 00:49:06.69,MALE,,,,,GIANG_VIEN,,,,,cmjjumzbq000ttsi2xsodpuh7,DANG_CONG_TAC,QN00000283,Thiếu tá,Giảng viên,2005-05-12 16:14:26.012,,,,,,1,,,2026-02-20 07:47:47.245,2026-02-20 07:47:47.245
cmlul7y5s01b7t7xrb6gmdlbg,CB00284,Bùi Quang Thúc,1965-08-20 21:10:27.876,MALE,,,,,NGHIEN_CUU_VIEN,,,,,cmjjumzap0001tsi2duq5956e,DANG_CONG_TAC,QN00000284,Thiếu tá,Nghiên cứu sinh,1996-10-19 10:22:37.249,,,,,,1,,,2026-02-20 07:47:47.249,2026-02-20 07:47:47.249
cmlul7y5w01b9t7xrwe15gfyn,CB00285,Vũ Thị Thương,1993-04-26 12:44:00.174,FEMALE,,,,,CONG_NHAN_VIEN,,,,,cmjjumzb00005tsi2so3puiyf,DANG_CONG_TAC,QN00000285,Đại úy CN,Nhân viên,1997-11-10 01:06:57.398,,,,,,1,,,2026-02-20 07:47:47.252,2026-02-20 07:47:47.252
cmlul7y5z01bbt7xrcw2dy1bk,CB00286,Đồng Minh Ngọc,1991-11-12 10:04:24.089,MALE,,,,,CONG_NHAN_VIEN,,,,,cmjjumzap0001tsi2duq5956e,DANG_CONG_TAC,QN00000286,Thiếu tá CN,Nhân viên,2006-02-01 09:30:27.259,,,,,,1,,,2026-02-20 07:47:47.256,2026-02-20 07:47:47.256
cmlul7y6301bdt7xrczxcy803,CB00287,Nguyễn Hữu Đồng,1971-01-01 22:12:22.067,MALE,,,,,CONG_NHAN_VIEN,,,,,cmjjumzbj000ltsi216getk3s,DANG_CONG_TAC,QN00000287,Thiếu tá CN,Nhân viên hướng dẫn thực hành,2011-12-19 18:32:52.001,,,,,,1,,,2026-02-20 07:47:47.259,2026-02-20 07:47:47.259
